fecha,anio,mes,tienda_id,tienda_nombre,formato,distrito,personal,alquiler,servicios,logistica,mantenimiento,otros,total_opex
2022-01-01,2022,1,T01,ABC Miraflores,Express,Miraflores,17331.19,13982.7,4932.68,3059.71,2061.16,2129.89,43497.34
2022-01-01,2022,1,T02,ABC San Isidro,Express,San Isidro,19025.95,11249.65,4692.27,2124.86,2825.33,1730.94,41649.0
2022-01-01,2022,1,T03,ABC Surco,Supermarket,Surco,49144.39,20086.14,6822.88,8073.87,2104.2,2262.21,88493.69
2022-01-01,2022,1,T04,ABC La Molina,Supermarket,La Molina,37097.46,21578.27,9687.27,7430.6,3394.5,1245.05,80433.14
2022-01-01,2022,1,T05,ABC San Borja,Express,San Borja,18232.87,13486.56,3328.86,2712.14,1862.35,2127.41,41750.19
2022-01-01,2022,1,T06,ABC Barranco,Express,Barranco,17764.08,14194.07,4572.82,2337.99,1766.95,2491.02,43126.94
2022-01-01,2022,1,T07,ABC Pueblo Libre,Supermarket,Pueblo Libre,45292.32,21627.34,6135.98,4594.49,2302.55,2487.26,82439.93
2022-01-01,2022,1,T08,ABC Jesus Maria,Supermarket,Jesus Maria,39375.13,27488.11,6640.5,4938.81,2007.28,1702.67,82152.5
2022-01-01,2022,1,T09,ABC Lince,Express,Lince,14122.46,13892.06,4342.85,2784.16,2412.59,2399.22,39953.35
2022-01-01,2022,1,T10,ABC San Miguel,Supermarket,San Miguel,36405.24,27288.72,6166.77,5987.47,2719.92,2126.36,80694.47
2022-02-01,2022,2,T01,ABC Miraflores,Express,Miraflores,15546.62,14903.36,2747.33,2492.09,2240.39,1084.08,39013.86
2022-02-01,2022,2,T02,ABC San Isidro,Express,San Isidro,19005.71,11347.9,3200.16,3084.36,3039.16,2224.1,41901.39
2022-02-01,2022,2,T03,ABC Surco,Supermarket,Surco,38881.86,19764.29,6862.61,7767.49,3084.81,1070.0,77431.07
2022-02-01,2022,2,T04,ABC La Molina,Supermarket,La Molina,44262.26,23671.92,10511.36,7288.2,3119.0,2195.74,91048.48
2022-02-01,2022,2,T05,ABC San Borja,Express,San Borja,18871.57,10580.29,3780.97,2267.94,1826.81,2195.6,39523.18
2022-02-01,2022,2,T06,ABC Barranco,Express,Barranco,15422.28,14817.29,2752.07,3537.93,2944.42,2374.44,41848.44
2022-02-01,2022,2,T07,ABC Pueblo Libre,Supermarket,Pueblo Libre,40167.66,27536.19,7897.88,7193.56,1703.18,2376.02,86874.49
2022-02-01,2022,2,T08,ABC Jesus Maria,Supermarket,Jesus Maria,45747.42,25787.95,7134.02,5104.82,1711.74,2179.99,87665.95
2022-02-01,2022,2,T09,ABC Lince,Express,Lince,17123.44,14725.1,5006.71,2047.59,2219.52,1812.44,42934.8
2022-02-01,2022,2,T10,ABC San Miguel,Supermarket,San Miguel,44213.33,27876.53,6232.07,6794.43,2757.84,1509.22,89383.43
2022-03-01,2022,3,T01,ABC Miraflores,Express,Miraflores,18698.59,10814.04,3004.43,3117.65,3105.33,1877.4,40617.44
2022-03-01,2022,3,T02,ABC San Isidro,Express,San Isidro,17677.68,12387.86,4571.45,2499.41,2009.44,1760.7,40906.54
2022-03-01,2022,3,T03,ABC Surco,Supermarket,Surco,47356.24,28119.1,8021.53,6590.16,2402.74,2154.13,94643.91
2022-03-01,2022,3,T04,ABC La Molina,Supermarket,La Molina,37661.49,21195.39,6101.95,4398.11,1594.29,1796.37,72747.61
2022-03-01,2022,3,T05,ABC San Borja,Express,San Borja,19218.7,10705.62,4411.91,3865.91,2605.6,2211.01,43018.76
2022-03-01,2022,3,T06,ABC Barranco,Express,Barranco,17980.73,10744.98,4982.46,3853.2,1647.87,2282.59,41491.82
2022-03-01,2022,3,T07,ABC Pueblo Libre,Supermarket,Pueblo Libre,49160.97,23911.05,9145.36,7281.65,3365.06,1897.4,94761.5
2022-03-01,2022,3,T08,ABC Jesus Maria,Supermarket,Jesus Maria,41699.28,24848.59,8744.9,5069.87,2209.92,1897.27,84469.82
2022-03-01,2022,3,T09,ABC Lince,Express,Lince,17938.99,14897.26,2884.42,2148.95,1851.01,2357.97,42078.59
2022-03-01,2022,3,T10,ABC San Miguel,Supermarket,San Miguel,50365.42,26310.79,6748.78,6308.1,1863.58,1032.2,92628.86
2022-04-01,2022,4,T01,ABC Miraflores,Express,Miraflores,18690.95,11233.3,2893.77,2293.49,2858.25,2027.65,39997.41
2022-04-01,2022,4,T02,ABC San Isidro,Express,San Isidro,15370.04,14807.44,3594.5,3818.32,3317.54,2110.06,43017.91
2022-04-01,2022,4,T03,ABC Surco,Supermarket,Surco,36717.0,24410.16,6455.71,8003.46,2088.86,1664.23,79339.41
2022-04-01,2022,4,T04,ABC La Molina,Supermarket,La Molina,49976.11,19668.55,8111.9,6150.19,2517.15,1870.17,88294.06
2022-04-01,2022,4,T05,ABC San Borja,Express,San Borja,15759.32,11827.71,2654.1,2274.11,3220.36,1920.77,37656.39
2022-04-01,2022,4,T06,ABC Barranco,Express,Barranco,16020.6,12986.69,3508.34,3143.55,3249.91,1284.2,40193.29
2022-04-01,2022,4,T07,ABC Pueblo Libre,Supermarket,Pueblo Libre,46703.34,24021.2,8769.14,7710.28,2294.52,1951.99,91450.47
2022-04-01,2022,4,T08,ABC Jesus Maria,Supermarket,Jesus Maria,39765.54,28123.42,8627.76,5331.96,1966.34,1277.48,85092.5
2022-04-01,2022,4,T09,ABC Lince,Express,Lince,19047.98,12823.41,4666.46,2262.04,2217.39,1230.42,42247.68
2022-04-01,2022,4,T10,ABC San Miguel,Supermarket,San Miguel,42835.55,27560.98,7286.16,4389.05,3119.04,1200.73,86391.51
2022-05-01,2022,5,T01,ABC Miraflores,Express,Miraflores,17632.1,13306.25,5011.36,2244.27,2071.68,1107.0,41372.66
2022-05-01,2022,5,T02,ABC San Isidro,Express,San Isidro,19141.11,15179.75,4598.37,2375.81,1803.27,1476.62,44574.94
2022-05-01,2022,5,T03,ABC Surco,Supermarket,Surco,48007.49,25880.3,7572.01,5815.36,2426.54,2080.3,91782.0
2022-05-01,2022,5,T04,ABC La Molina,Supermarket,La Molina,39116.48,23218.31,9864.01,6977.02,2828.16,2430.93,84434.9
2022-05-01,2022,5,T05,ABC San Borja,Express,San Borja,14214.4,12347.22,3471.58,2455.46,2528.74,1969.46,36986.87
2022-05-01,2022,5,T06,ABC Barranco,Express,Barranco,17056.9,10975.77,3132.38,2158.59,2809.4,2140.42,38273.47
2022-05-01,2022,5,T07,ABC Pueblo Libre,Supermarket,Pueblo Libre,37440.47,21980.76,8285.94,7496.52,2908.74,1235.55,79347.98
2022-05-01,2022,5,T08,ABC Jesus Maria,Supermarket,Jesus Maria,48913.43,20261.74,9992.72,4432.16,3157.67,2173.17,88930.9
2022-05-01,2022,5,T09,ABC Lince,Express,Lince,16055.63,11950.76,4323.14,3672.7,2922.46,1807.49,40732.17
2022-05-01,2022,5,T10,ABC San Miguel,Supermarket,San Miguel,49662.23,24445.3,8293.24,8065.31,2095.91,1012.65,93574.65
2022-06-01,2022,6,T01,ABC Miraflores,Express,Miraflores,18318.3,11037.7,3449.46,3034.73,1616.98,1463.96,38921.13
2022-06-01,2022,6,T02,ABC San Isidro,Express,San Isidro,15747.68,11154.47,4775.73,1951.87,3089.22,1266.49,37985.47
2022-06-01,2022,6,T03,ABC Surco,Supermarket,Surco,50727.84,27831.65,8088.27,6635.04,2460.88,2247.86,97991.55
2022-06-01,2022,6,T04,ABC La Molina,Supermarket,La Molina,44700.88,26561.04,10582.72,6633.11,2063.54,2305.32,92846.62
2022-06-01,2022,6,T05,ABC San Borja,Express,San Borja,18236.12,14297.85,2908.76,2798.92,1758.6,1444.29,41444.54
2022-06-01,2022,6,T06,ABC Barranco,Express,Barranco,15044.36,13491.52,4458.63,2800.43,1789.66,1112.66,38697.27
2022-06-01,2022,6,T07,ABC Pueblo Libre,Supermarket,Pueblo Libre,39702.79,22281.31,5745.4,5201.5,2723.47,1797.85,77452.33
2022-06-01,2022,6,T08,ABC Jesus Maria,Supermarket,Jesus Maria,48771.12,20526.19,9356.79,7847.53,3334.07,1852.53,91688.22
2022-06-01,2022,6,T09,ABC Lince,Express,Lince,18870.04,14742.62,2834.12,3632.27,2393.03,2238.07,44710.15
2022-06-01,2022,6,T10,ABC San Miguel,Supermarket,San Miguel,43006.1,25045.63,10674.53,5174.62,2881.31,1144.8,87927.0
2022-07-01,2022,7,T01,ABC Miraflores,Express,Miraflores,14996.27,13921.71,2888.32,3021.63,1614.03,2312.78,38754.74
2022-07-01,2022,7,T02,ABC San Isidro,Express,San Isidro,16469.27,10602.59,4389.29,2277.78,1504.26,1008.07,36251.27
2022-07-01,2022,7,T03,ABC Surco,Supermarket,Surco,51056.02,26306.76,8311.9,4833.24,2292.06,2309.45,95109.43
2022-07-01,2022,7,T04,ABC La Molina,Supermarket,La Molina,37202.38,25249.46,7163.84,4776.81,1988.54,1794.19,78175.23
2022-07-01,2022,7,T05,ABC San Borja,Express,San Borja,15413.66,13977.94,5031.83,3028.64,1823.68,1626.89,40902.64
2022-07-01,2022,7,T06,ABC Barranco,Express,Barranco,18656.36,11337.49,4623.72,3446.25,1624.9,1676.65,41365.36
2022-07-01,2022,7,T07,ABC Pueblo Libre,Supermarket,Pueblo Libre,45079.14,23432.98,9842.23,7112.96,3367.12,2286.69,91121.13
2022-07-01,2022,7,T08,ABC Jesus Maria,Supermarket,Jesus Maria,39779.69,24557.87,10203.49,7622.16,2503.2,2339.44,87005.85
2022-07-01,2022,7,T09,ABC Lince,Express,Lince,17883.45,14825.54,3130.0,3538.39,2315.02,2120.48,43812.88
2022-07-01,2022,7,T10,ABC San Miguel,Supermarket,San Miguel,44658.31,25278.5,10169.67,7952.07,3326.1,2125.06,93509.72
2022-08-01,2022,8,T01,ABC Miraflores,Express,Miraflores,18492.7,11367.46,3782.68,2433.27,2604.3,2447.7,41128.11
2022-08-01,2022,8,T02,ABC San Isidro,Express,San Isidro,14761.84,15268.42,3093.67,3244.46,3082.2,1301.69,40752.28
2022-08-01,2022,8,T03,ABC Surco,Supermarket,Surco,40662.3,25039.84,5935.41,6239.29,2516.2,2456.22,82849.26
2022-08-01,2022,8,T04,ABC La Molina,Supermarket,La Molina,42508.01,21200.2,9380.73,6999.71,1626.6,1715.31,83430.56
2022-08-01,2022,8,T05,ABC San Borja,Express,San Borja,18154.78,14244.84,5046.53,1988.58,3405.34,1723.42,44563.49
2022-08-01,2022,8,T06,ABC Barranco,Express,Barranco,16329.23,13688.15,3698.48,3176.84,2240.47,1873.0,41006.17
2022-08-01,2022,8,T07,ABC Pueblo Libre,Supermarket,Pueblo Libre,37390.13,27679.57,8306.42,4456.83,2808.38,1399.6,82040.93
2022-08-01,2022,8,T08,ABC Jesus Maria,Supermarket,Jesus Maria,48788.7,25152.65,7922.28,5850.61,2319.5,1690.97,91724.71
2022-08-01,2022,8,T09,ABC Lince,Express,Lince,16994.28,11042.28,5121.84,2767.05,3206.46,1964.88,41096.78
2022-08-01,2022,8,T10,ABC San Miguel,Supermarket,San Miguel,45367.77,22220.07,8968.0,4771.69,2851.11,2486.01,86664.65
2022-09-01,2022,9,T01,ABC Miraflores,Express,Miraflores,18874.55,11238.31,3616.05,2668.85,3406.68,1598.88,41403.32
2022-09-01,2022,9,T02,ABC San Isidro,Express,San Isidro,16389.11,11336.99,4861.68,3070.75,1688.4,1485.51,38832.45
2022-09-01,2022,9,T03,ABC Surco,Supermarket,Surco,40506.37,25112.36,8603.15,7658.99,1825.02,1489.23,85195.12
2022-09-01,2022,9,T04,ABC La Molina,Supermarket,La Molina,46471.23,25607.58,8792.68,4086.58,2388.68,1446.79,88793.54
2022-09-01,2022,9,T05,ABC San Borja,Express,San Borja,14980.19,14722.1,2658.43,2472.83,2450.36,2147.25,39431.16
2022-09-01,2022,9,T06,ABC Barranco,Express,Barranco,16545.55,13392.3,5192.24,2072.71,2375.75,1928.1,41506.65
2022-09-01,2022,9,T07,ABC Pueblo Libre,Supermarket,Pueblo Libre,44704.97,24618.17,8387.53,6460.92,2113.99,2019.57,88305.14
2022-09-01,2022,9,T08,ABC Jesus Maria,Supermarket,Jesus Maria,41266.88,22702.68,8736.16,6362.46,2311.26,1112.9,82492.34
2022-09-01,2022,9,T09,ABC Lince,Express,Lince,17096.99,14433.37,4685.15,3601.61,1725.09,1693.06,43235.27
2022-09-01,2022,9,T10,ABC San Miguel,Supermarket,San Miguel,41777.16,23670.85,10496.11,5440.62,2297.34,1872.29,85554.36
2022-10-01,2022,10,T01,ABC Miraflores,Express,Miraflores,18874.53,11023.41,3590.13,3463.99,2567.41,1397.83,40917.31
2022-10-01,2022,10,T02,ABC San Isidro,Express,San Isidro,16065.46,14382.44,3033.33,3198.02,3112.41,2313.76,42105.41
2022-10-01,2022,10,T03,ABC Surco,Supermarket,Surco,42514.26,21055.2,9912.75,8045.67,1828.05,1209.31,84565.25
2022-10-01,2022,10,T04,ABC La Molina,Supermarket,La Molina,44499.81,23110.04,6965.34,6487.41,1622.41,2259.8,84944.81
2022-10-01,2022,10,T05,ABC San Borja,Express,San Borja,15284.47,13119.74,3256.92,2964.16,3040.34,1000.82,38666.46
2022-10-01,2022,10,T06,ABC Barranco,Express,Barranco,19267.22,13308.36,3093.88,3248.16,1582.3,1723.7,42223.63
2022-10-01,2022,10,T07,ABC Pueblo Libre,Supermarket,Pueblo Libre,47629.36,24421.8,6679.59,6459.77,2447.45,2250.11,89888.08
2022-10-01,2022,10,T08,ABC Jesus Maria,Supermarket,Jesus Maria,48783.8,20464.48,7277.22,8036.2,1973.12,1224.07,87758.89
2022-10-01,2022,10,T09,ABC Lince,Express,Lince,19740.0,14362.68,4979.52,2042.12,1925.71,2019.49,45069.52
2022-10-01,2022,10,T10,ABC San Miguel,Supermarket,San Miguel,48433.22,26413.93,7577.8,6448.3,3238.88,1894.66,94006.79
2022-11-01,2022,11,T01,ABC Miraflores,Express,Miraflores,18015.57,10584.71,5117.43,2647.0,2085.57,1836.94,40287.21
2022-11-01,2022,11,T02,ABC San Isidro,Express,San Isidro,18715.58,11438.75,3739.51,3005.66,3189.34,2485.79,42574.64
2022-11-01,2022,11,T03,ABC Surco,Supermarket,Surco,44278.07,24682.29,8114.33,5993.4,2942.03,1029.26,87039.38
2022-11-01,2022,11,T04,ABC La Molina,Supermarket,La Molina,39541.0,23796.15,7638.01,6653.09,1569.84,1169.5,80367.58
2022-11-01,2022,11,T05,ABC San Borja,Express,San Borja,18617.44,12595.86,4910.24,2189.61,1961.85,2378.4,42653.4
2022-11-01,2022,11,T06,ABC Barranco,Express,Barranco,16056.32,15247.75,2941.97,3110.85,1586.53,1725.92,40669.34
2022-11-01,2022,11,T07,ABC Pueblo Libre,Supermarket,Pueblo Libre,47800.88,28187.7,8416.58,7812.96,3137.0,1561.34,96916.45
2022-11-01,2022,11,T08,ABC Jesus Maria,Supermarket,Jesus Maria,42298.09,19851.44,6165.52,7201.38,1733.66,2365.24,79615.33
2022-11-01,2022,11,T09,ABC Lince,Express,Lince,17822.14,12637.32,3841.99,2565.08,2350.94,1267.39,40484.86
2022-11-01,2022,11,T10,ABC San Miguel,Supermarket,San Miguel,51933.84,21145.28,8688.54,5393.73,1930.91,1952.8,91045.1
2022-12-01,2022,12,T01,ABC Miraflores,Express,Miraflores,18174.42,12653.93,2676.44,2922.86,2460.8,1583.2,40471.64
2022-12-01,2022,12,T02,ABC San Isidro,Express,San Isidro,17491.57,13855.2,3446.77,3114.71,2701.56,1489.39,42099.2
2022-12-01,2022,12,T03,ABC Surco,Supermarket,Surco,39369.62,26999.21,6651.51,4962.16,1512.21,2245.66,81740.37
2022-12-01,2022,12,T04,ABC La Molina,Supermarket,La Molina,52608.03,22115.98,9334.73,4933.55,1832.45,2243.35,93068.09
2022-12-01,2022,12,T05,ABC San Borja,Express,San Borja,19552.29,10776.15,4526.66,2719.05,2816.82,2419.76,42810.73
2022-12-01,2022,12,T06,ABC Barranco,Express,Barranco,19730.86,10833.15,4464.54,2870.99,3346.27,1960.14,43205.94
2022-12-01,2022,12,T07,ABC Pueblo Libre,Supermarket,Pueblo Libre,47511.04,23716.16,6248.09,7178.22,2572.14,1818.37,89044.02
2022-12-01,2022,12,T08,ABC Jesus Maria,Supermarket,Jesus Maria,41643.98,22653.2,7133.32,6784.18,2608.29,1256.45,82079.42
2022-12-01,2022,12,T09,ABC Lince,Express,Lince,17740.46,11995.84,4371.3,2625.24,2925.61,1468.94,41127.38
2022-12-01,2022,12,T10,ABC San Miguel,Supermarket,San Miguel,44065.54,28395.24,7169.54,5541.39,1668.07,1099.84,87939.61
2023-01-01,2023,1,T01,ABC Miraflores,Express,Miraflores,16377.83,11078.58,4814.37,2041.97,2117.03,1139.12,37568.9
2023-01-01,2023,1,T02,ABC San Isidro,Express,San Isidro,17026.07,12365.72,3826.2,3441.14,2777.26,1534.93,40971.32
2023-01-01,2023,1,T03,ABC Surco,Supermarket,Surco,40211.45,24193.75,8256.19,7060.57,2964.5,1168.2,83854.66
2023-01-01,2023,1,T04,ABC La Molina,Supermarket,La Molina,50082.19,24408.24,7324.6,5266.14,3111.56,1856.61,92049.34
2023-01-01,2023,1,T05,ABC San Borja,Express,San Borja,15589.26,12275.53,4943.39,2346.19,2166.74,1732.5,39053.6
2023-01-01,2023,1,T06,ABC Barranco,Express,Barranco,17523.17,11936.67,2924.51,2374.66,1666.29,2181.27,38606.58
2023-01-01,2023,1,T07,ABC Pueblo Libre,Supermarket,Pueblo Libre,48543.1,22331.2,8879.27,7769.7,3460.81,1640.69,92624.76
2023-01-01,2023,1,T08,ABC Jesus Maria,Supermarket,Jesus Maria,38632.44,24531.87,8288.72,4759.08,3327.22,1102.48,80641.81
2023-01-01,2023,1,T09,ABC Lince,Express,Lince,19025.18,13237.15,3835.57,1968.8,3154.42,1652.19,42873.32
2023-01-01,2023,1,T10,ABC San Miguel,Supermarket,San Miguel,42873.14,20671.7,6380.31,5852.94,2111.46,1490.07,79379.62
2023-02-01,2023,2,T01,ABC Miraflores,Express,Miraflores,18328.53,15491.46,4495.24,2891.13,3111.55,1767.79,46085.7
2023-02-01,2023,2,T02,ABC San Isidro,Express,San Isidro,15085.03,13664.16,2879.19,2778.47,2456.73,1438.81,38302.38
2023-02-01,2023,2,T03,ABC Surco,Supermarket,Surco,51507.45,24739.29,9370.19,5842.91,2257.8,1243.88,94961.52
2023-02-01,2023,2,T04,ABC La Molina,Supermarket,La Molina,50585.88,25604.29,5752.64,5307.09,1919.8,1594.08,90763.79
2023-02-01,2023,2,T05,ABC San Borja,Express,San Borja,17903.89,13720.01,4910.51,3176.75,2360.02,2457.5,44528.69
2023-02-01,2023,2,T06,ABC Barranco,Express,Barranco,16476.26,13891.61,4095.3,3491.08,2878.99,1168.25,42001.48
2023-02-01,2023,2,T07,ABC Pueblo Libre,Supermarket,Pueblo Libre,46354.34,25278.61,7990.33,6388.63,2562.58,1350.93,89925.42
2023-02-01,2023,2,T08,ABC Jesus Maria,Supermarket,Jesus Maria,52451.69,26729.24,6284.12,6902.3,2580.61,1614.4,96562.35
2023-02-01,2023,2,T09,ABC Lince,Express,Lince,17523.54,15380.53,3042.52,2524.88,2053.87,2406.82,42932.16
2023-02-01,2023,2,T10,ABC San Miguel,Supermarket,San Miguel,50087.63,22873.85,9455.85,7698.82,2839.98,2086.3,95042.43
2023-03-01,2023,3,T01,ABC Miraflores,Express,Miraflores,17948.76,13025.79,4058.7,3659.84,3147.77,2334.75,44175.61
2023-03-01,2023,3,T02,ABC San Isidro,Express,San Isidro,16468.5,14398.26,3506.18,2963.8,3390.9,2112.85,42840.49
2023-03-01,2023,3,T03,ABC Surco,Supermarket,Surco,51306.4,20566.23,6174.68,5836.48,2667.61,2096.69,88648.1
2023-03-01,2023,3,T04,ABC La Molina,Supermarket,La Molina,47724.12,28494.4,9966.93,7446.3,3140.0,1448.86,98220.61
2023-03-01,2023,3,T05,ABC San Borja,Express,San Borja,17701.95,14041.54,4958.99,2831.11,1663.9,1021.58,42219.07
2023-03-01,2023,3,T06,ABC Barranco,Express,Barranco,16466.01,13745.29,3378.05,3832.7,3350.88,2216.33,42989.25
2023-03-01,2023,3,T07,ABC Pueblo Libre,Supermarket,Pueblo Libre,50497.81,27534.71,6513.0,6060.18,3247.7,1784.61,95638.0
2023-03-01,2023,3,T08,ABC Jesus Maria,Supermarket,Jesus Maria,44378.21,24990.55,5848.2,6990.78,2776.39,1314.88,86299.01
2023-03-01,2023,3,T09,ABC Lince,Express,Lince,17482.63,14610.27,4807.2,2172.45,1663.83,1368.64,42105.02
2023-03-01,2023,3,T10,ABC San Miguel,Supermarket,San Miguel,53508.79,24693.56,8309.36,5164.16,3332.87,1864.66,96873.4
2023-04-01,2023,4,T01,ABC Miraflores,Express,Miraflores,19802.94,10929.38,4666.81,3230.55,3232.93,2265.57,44128.18
2023-04-01,2023,4,T02,ABC San Isidro,Express,San Isidro,17963.54,15084.37,4766.83,2818.33,2654.18,1555.61,44842.86
2023-04-01,2023,4,T03,ABC Surco,Supermarket,Surco,40807.59,28159.31,10392.9,6420.06,1942.02,2183.98,89905.86
2023-04-01,2023,4,T04,ABC La Molina,Supermarket,La Molina,39907.9,27855.77,7090.64,6093.6,3001.72,2131.82,86081.44
2023-04-01,2023,4,T05,ABC San Borja,Express,San Borja,17331.14,14595.21,4598.89,3254.43,1890.32,2010.0,43679.98
2023-04-01,2023,4,T06,ABC Barranco,Express,Barranco,14731.45,14572.05,2916.84,2420.21,2668.99,1015.65,38325.19
2023-04-01,2023,4,T07,ABC Pueblo Libre,Supermarket,Pueblo Libre,53302.27,25077.42,10005.29,8038.27,2114.75,1969.48,100507.47
2023-04-01,2023,4,T08,ABC Jesus Maria,Supermarket,Jesus Maria,43386.64,21221.59,9306.94,4221.16,1618.14,1796.68,81551.16
2023-04-01,2023,4,T09,ABC Lince,Express,Lince,19445.43,14840.49,4824.52,3348.5,1585.43,1491.61,45535.98
2023-04-01,2023,4,T10,ABC San Miguel,Supermarket,San Miguel,52081.55,22890.68,9259.02,4886.67,1639.36,1514.88,92272.15
2023-05-01,2023,5,T01,ABC Miraflores,Express,Miraflores,18766.33,14787.08,3890.09,2689.27,2304.11,2372.52,44809.41
2023-05-01,2023,5,T02,ABC San Isidro,Express,San Isidro,15137.14,14298.48,3925.11,3119.19,2636.7,1313.48,40430.09
2023-05-01,2023,5,T03,ABC Surco,Supermarket,Surco,42431.36,25883.91,9203.3,6587.86,2589.11,2463.14,89158.67
2023-05-01,2023,5,T04,ABC La Molina,Supermarket,La Molina,53798.68,27972.89,7723.09,5535.21,3411.25,1675.54,100116.67
2023-05-01,2023,5,T05,ABC San Borja,Express,San Borja,16119.99,14098.89,4838.01,3549.8,1978.82,1731.02,42316.52
2023-05-01,2023,5,T06,ABC Barranco,Express,Barranco,15765.62,12564.88,4880.77,2147.46,2080.35,1589.33,39028.42
2023-05-01,2023,5,T07,ABC Pueblo Libre,Supermarket,Pueblo Libre,49191.43,20484.17,6123.73,6107.64,1979.97,1729.24,85616.17
2023-05-01,2023,5,T08,ABC Jesus Maria,Supermarket,Jesus Maria,45757.5,28101.35,8341.39,5758.39,3031.42,1567.32,92557.37
2023-05-01,2023,5,T09,ABC Lince,Express,Lince,14701.73,15428.53,3366.96,2966.42,2255.42,1382.33,40101.39
2023-05-01,2023,5,T10,ABC San Miguel,Supermarket,San Miguel,39749.51,26691.05,7625.93,4191.6,1709.69,2498.76,82466.53
2023-06-01,2023,6,T01,ABC Miraflores,Express,Miraflores,17455.83,15603.54,4249.98,2349.24,2570.83,2227.2,44456.62
2023-06-01,2023,6,T02,ABC San Isidro,Express,San Isidro,20150.5,12882.22,3290.56,3851.86,3426.67,1056.21,44658.03
2023-06-01,2023,6,T03,ABC Surco,Supermarket,Surco,49243.24,25210.75,6130.99,8019.52,1516.55,1214.06,91335.11
2023-06-01,2023,6,T04,ABC La Molina,Supermarket,La Molina,45365.34,24042.47,10441.59,6111.9,1704.9,1950.64,89616.83
2023-06-01,2023,6,T05,ABC San Borja,Express,San Borja,18720.63,13102.74,3975.06,3079.07,2683.96,2191.37,43752.83
2023-06-01,2023,6,T06,ABC Barranco,Express,Barranco,20194.81,13718.76,4095.35,2037.56,2490.59,1390.19,43927.27
2023-06-01,2023,6,T07,ABC Pueblo Libre,Supermarket,Pueblo Libre,50593.35,28684.19,10045.44,6588.12,2884.11,1005.39,99800.6
2023-06-01,2023,6,T08,ABC Jesus Maria,Supermarket,Jesus Maria,41543.1,24824.52,9523.07,5176.79,2727.33,1681.52,85476.33
2023-06-01,2023,6,T09,ABC Lince,Express,Lince,16323.05,12429.54,5098.38,2168.18,2913.82,2246.74,41179.72
2023-06-01,2023,6,T10,ABC San Miguel,Supermarket,San Miguel,50760.35,25124.28,10220.89,4599.93,2481.92,1680.27,94867.63
2023-07-01,2023,7,T01,ABC Miraflores,Express,Miraflores,20050.45,10922.36,5116.37,3521.79,3419.71,2477.68,45508.36
2023-07-01,2023,7,T02,ABC San Isidro,Express,San Isidro,19462.06,14638.4,4781.77,3550.48,3051.32,2148.5,47632.54
2023-07-01,2023,7,T03,ABC Surco,Supermarket,Surco,39550.28,22944.39,6524.63,6090.7,2545.43,1097.51,78752.95
2023-07-01,2023,7,T04,ABC La Molina,Supermarket,La Molina,46700.26,25224.93,7793.21,7077.02,3423.6,1333.67,91552.69
2023-07-01,2023,7,T05,ABC San Borja,Express,San Borja,16178.97,12857.54,4578.55,2826.54,3158.8,1141.44,40741.84
2023-07-01,2023,7,T06,ABC Barranco,Express,Barranco,19039.69,13868.65,4218.99,2169.8,3403.03,1289.5,43989.66
2023-07-01,2023,7,T07,ABC Pueblo Libre,Supermarket,Pueblo Libre,51887.38,28270.89,10634.35,4804.47,1755.43,1199.86,98552.39
2023-07-01,2023,7,T08,ABC Jesus Maria,Supermarket,Jesus Maria,43129.03,21648.97,5613.4,5110.96,2810.42,1255.58,79568.36
2023-07-01,2023,7,T09,ABC Lince,Express,Lince,19941.71,15329.23,4189.15,3362.11,2212.2,1692.74,46727.15
2023-07-01,2023,7,T10,ABC San Miguel,Supermarket,San Miguel,39116.7,27189.38,5757.94,4279.22,2880.28,2034.2,81257.72
2023-08-01,2023,8,T01,ABC Miraflores,Express,Miraflores,19838.62,12188.35,4069.07,2261.14,2242.46,2171.17,42770.81
2023-08-01,2023,8,T02,ABC San Isidro,Express,San Isidro,19846.48,14061.47,2754.69,2891.31,2732.25,1148.19,43434.38
2023-08-01,2023,8,T03,ABC Surco,Supermarket,Surco,49097.25,21438.86,9453.53,6253.14,2431.23,1881.07,90555.08
2023-08-01,2023,8,T04,ABC La Molina,Supermarket,La Molina,50680.73,24534.08,9419.81,8031.0,3231.1,1861.5,97758.22
2023-08-01,2023,8,T05,ABC San Borja,Express,San Borja,16070.5,11710.62,2803.13,2917.22,2097.09,1216.23,36814.79
2023-08-01,2023,8,T06,ABC Barranco,Express,Barranco,16575.11,12152.53,4914.19,3209.09,1927.97,1628.82,40407.71
2023-08-01,2023,8,T07,ABC Pueblo Libre,Supermarket,Pueblo Libre,40851.28,27849.94,5678.74,4829.3,2265.14,1647.43,83121.83
2023-08-01,2023,8,T08,ABC Jesus Maria,Supermarket,Jesus Maria,49931.39,22101.25,7964.41,4654.7,2298.71,2041.69,88992.15
2023-08-01,2023,8,T09,ABC Lince,Express,Lince,15863.42,15530.16,2993.76,2018.54,2689.11,2169.15,41264.14
2023-08-01,2023,8,T10,ABC San Miguel,Supermarket,San Miguel,42865.17,28457.55,7636.16,4598.94,2642.48,1294.89,87495.2
2023-09-01,2023,9,T01,ABC Miraflores,Express,Miraflores,20632.79,13759.38,2625.94,2856.45,2709.83,1045.04,43629.43
2023-09-01,2023,9,T02,ABC San Isidro,Express,San Isidro,15486.24,12043.41,3467.2,3505.99,3431.39,1039.0,38973.23
2023-09-01,2023,9,T03,ABC Surco,Supermarket,Surco,46577.89,25852.54,5883.17,7098.17,1569.21,1677.21,88658.19
2023-09-01,2023,9,T04,ABC La Molina,Supermarket,La Molina,41841.34,21108.13,8318.89,5591.73,1582.51,1763.97,80206.58
2023-09-01,2023,9,T05,ABC San Borja,Express,San Borja,20192.29,14121.22,3888.6,2311.99,1549.9,2235.44,44299.44
2023-09-01,2023,9,T06,ABC Barranco,Express,Barranco,16801.33,15468.58,4611.03,3399.79,3084.69,2498.19,45863.62
2023-09-01,2023,9,T07,ABC Pueblo Libre,Supermarket,Pueblo Libre,41066.11,21652.01,9761.81,7955.87,2447.92,1009.43,83893.17
2023-09-01,2023,9,T08,ABC Jesus Maria,Supermarket,Jesus Maria,43360.5,22380.25,5690.49,8012.4,3150.11,2139.36,84733.11
2023-09-01,2023,9,T09,ABC Lince,Express,Lince,16663.65,14784.56,4946.22,2308.15,1788.45,1971.92,42462.95
2023-09-01,2023,9,T10,ABC San Miguel,Supermarket,San Miguel,39563.07,23293.58,6559.24,6430.24,3010.66,1212.87,80069.66
2023-10-01,2023,10,T01,ABC Miraflores,Express,Miraflores,19363.85,15541.61,4499.11,3087.52,2110.18,2234.94,46837.2
2023-10-01,2023,10,T02,ABC San Isidro,Express,San Isidro,19754.82,13209.6,3068.77,3153.2,1916.49,1273.95,42376.82
2023-10-01,2023,10,T03,ABC Surco,Supermarket,Surco,49612.79,23394.81,5909.62,7787.94,2440.65,1118.35,90264.17
2023-10-01,2023,10,T04,ABC La Molina,Supermarket,La Molina,46834.36,27755.31,9289.08,4147.63,3441.35,1200.9,92668.64
2023-10-01,2023,10,T05,ABC San Borja,Express,San Borja,20654.45,14989.68,3533.63,3003.1,1723.89,1055.58,44960.34
2023-10-01,2023,10,T06,ABC Barranco,Express,Barranco,15609.17,13716.89,2887.14,3812.41,2574.05,2383.28,40982.94
2023-10-01,2023,10,T07,ABC Pueblo Libre,Supermarket,Pueblo Libre,40916.93,27634.23,8318.66,5688.64,3014.9,1428.3,87001.67
2023-10-01,2023,10,T08,ABC Jesus Maria,Supermarket,Jesus Maria,49061.59,25107.62,7633.57,5989.83,2355.92,2318.21,92466.74
2023-10-01,2023,10,T09,ABC Lince,Express,Lince,20850.0,14219.02,2929.94,2854.04,3498.25,2361.78,46713.05
2023-10-01,2023,10,T10,ABC San Miguel,Supermarket,San Miguel,47380.48,22608.53,7863.41,4145.72,2998.4,1657.48,86654.03
2023-11-01,2023,11,T01,ABC Miraflores,Express,Miraflores,18990.32,15743.0,5139.47,2163.59,1565.06,1437.36,45038.81
2023-11-01,2023,11,T02,ABC San Isidro,Express,San Isidro,20127.22,11474.29,3736.68,2035.04,2307.33,2105.47,41786.02
2023-11-01,2023,11,T03,ABC Surco,Supermarket,Surco,51757.98,28832.73,9550.09,7866.67,1903.2,1911.89,101822.56
2023-11-01,2023,11,T04,ABC La Molina,Supermarket,La Molina,51223.15,21283.41,6465.85,5370.44,1960.92,1810.5,88114.28
2023-11-01,2023,11,T05,ABC San Borja,Express,San Borja,18103.24,12179.8,5055.83,2026.19,1815.44,1336.0,40516.5
2023-11-01,2023,11,T06,ABC Barranco,Express,Barranco,20843.52,12885.37,3313.23,2315.61,2928.83,1014.59,43301.16
2023-11-01,2023,11,T07,ABC Pueblo Libre,Supermarket,Pueblo Libre,40687.2,21645.6,9414.79,6041.26,3377.6,1222.58,82389.03
2023-11-01,2023,11,T08,ABC Jesus Maria,Supermarket,Jesus Maria,39872.59,28545.65,5408.05,4892.96,1935.61,1091.44,81746.29
2023-11-01,2023,11,T09,ABC Lince,Express,Lince,15145.91,13434.38,3246.53,2518.8,2928.63,1604.96,38879.21
2023-11-01,2023,11,T10,ABC San Miguel,Supermarket,San Miguel,43436.05,21127.56,5426.08,6140.44,2643.47,2167.22,80940.82
2023-12-01,2023,12,T01,ABC Miraflores,Express,Miraflores,21132.62,11427.29,2909.69,3506.73,1546.29,2432.42,42955.03
2023-12-01,2023,12,T02,ABC San Isidro,Express,San Isidro,20233.52,12755.49,4557.72,3174.16,3140.8,1208.3,45069.98
2023-12-01,2023,12,T03,ABC Surco,Supermarket,Surco,47676.14,28837.68,9407.69,6406.99,2563.87,2160.0,97052.37
2023-12-01,2023,12,T04,ABC La Molina,Supermarket,La Molina,51374.42,27021.14,8735.99,5622.23,2583.55,2099.58,97436.91
2023-12-01,2023,12,T05,ABC San Borja,Express,San Borja,16910.83,15806.44,5072.48,3788.47,3233.2,1821.42,46632.84
2023-12-01,2023,12,T06,ABC Barranco,Express,Barranco,17996.83,12117.19,3236.85,2048.79,3342.72,2223.9,40966.29
2023-12-01,2023,12,T07,ABC Pueblo Libre,Supermarket,Pueblo Libre,55286.07,24912.56,9095.2,5058.62,1737.48,1145.17,97235.1
2023-12-01,2023,12,T08,ABC Jesus Maria,Supermarket,Jesus Maria,53098.34,29018.33,5845.4,4439.29,3264.76,1477.51,97143.64
2023-12-01,2023,12,T09,ABC Lince,Express,Lince,19096.7,13617.58,3560.39,2455.32,2502.5,2138.84,43371.33
2023-12-01,2023,12,T10,ABC San Miguel,Supermarket,San Miguel,55133.41,22981.69,10653.0,4815.91,2019.55,2271.8,97875.35
2024-01-01,2024,1,T01,ABC Miraflores,Express,Miraflores,15232.37,13026.57,3442.25,2416.39,2325.75,1044.96,37488.28
2024-01-01,2024,1,T02,ABC San Isidro,Express,San Isidro,17109.79,16043.89,4178.74,2438.25,2664.01,2056.08,44490.76
2024-01-01,2024,1,T03,ABC Surco,Supermarket,Surco,53765.44,24857.6,6200.66,4267.36,1617.12,1206.92,91915.1
2024-01-01,2024,1,T04,ABC La Molina,Supermarket,La Molina,54053.26,27648.39,9774.61,6910.68,2578.15,1137.4,102102.5
2024-01-01,2024,1,T05,ABC San Borja,Express,San Borja,18233.67,15925.37,4296.81,2951.01,2692.93,2150.59,46250.37
2024-01-01,2024,1,T06,ABC Barranco,Express,Barranco,21029.97,11915.53,4915.78,2224.44,2561.76,1751.2,44398.67
2024-01-01,2024,1,T07,ABC Pueblo Libre,Supermarket,Pueblo Libre,41085.11,23217.72,7153.71,4600.57,1954.8,2369.11,80381.03
2024-01-01,2024,1,T08,ABC Jesus Maria,Supermarket,Jesus Maria,50151.64,22547.46,7082.49,7901.69,1944.54,2493.62,92121.45
2024-01-01,2024,1,T09,ABC Lince,Express,Lince,15264.87,12671.21,3014.62,2134.67,3043.18,2425.63,38554.17
2024-01-01,2024,1,T10,ABC San Miguel,Supermarket,San Miguel,48784.61,23892.89,8364.34,6830.81,3376.54,1942.51,93191.69
2024-02-01,2024,2,T01,ABC Miraflores,Express,Miraflores,20008.5,16205.58,3499.47,1984.9,2831.12,2338.38,46867.95
2024-02-01,2024,2,T02,ABC San Isidro,Express,San Isidro,15917.79,11304.28,3808.09,2287.14,1610.76,1639.71,36567.76
2024-02-01,2024,2,T03,ABC Surco,Supermarket,Surco,40506.17,21510.6,8432.41,6165.6,2416.56,1044.44,80075.78
2024-02-01,2024,2,T04,ABC La Molina,Supermarket,La Molina,51740.12,27886.08,6349.22,8033.62,1754.3,2102.51,97865.85
2024-02-01,2024,2,T05,ABC San Borja,Express,San Borja,20854.36,13360.29,3512.2,2193.93,2809.73,1396.74,44127.25
2024-02-01,2024,2,T06,ABC Barranco,Express,Barranco,18462.33,13085.01,3894.17,2787.3,3002.86,1336.58,42568.26
2024-02-01,2024,2,T07,ABC Pueblo Libre,Supermarket,Pueblo Libre,53208.67,29291.42,10332.61,7103.37,2124.11,2088.11,104148.29
2024-02-01,2024,2,T08,ABC Jesus Maria,Supermarket,Jesus Maria,55708.64,23636.53,6359.6,4634.52,2379.61,2481.36,95200.28
2024-02-01,2024,2,T09,ABC Lince,Express,Lince,20409.29,12698.17,4745.57,1999.05,2744.08,1499.34,44095.5
2024-02-01,2024,2,T10,ABC San Miguel,Supermarket,San Miguel,40238.3,25507.12,9415.02,6584.98,1909.92,2097.83,85753.17
2024-03-01,2024,3,T01,ABC Miraflores,Express,Miraflores,18289.76,11913.5,3210.68,3038.75,2343.71,1736.75,40533.16
2024-03-01,2024,3,T02,ABC San Isidro,Express,San Isidro,17788.56,12018.38,5044.52,3425.88,2998.91,1189.33,42465.58
2024-03-01,2024,3,T03,ABC Surco,Supermarket,Surco,47687.08,29885.23,7528.9,8046.81,2518.78,2270.96,97937.75
2024-03-01,2024,3,T04,ABC La Molina,Supermarket,La Molina,51631.58,24427.84,7295.84,6880.1,2300.38,1228.96,93764.71
2024-03-01,2024,3,T05,ABC San Borja,Express,San Borja,16078.01,16252.42,5086.62,3161.73,2383.86,2496.68,45459.33
2024-03-01,2024,3,T06,ABC Barranco,Express,Barranco,20493.49,13437.14,4826.27,2475.65,2747.09,1709.96,45689.59
2024-03-01,2024,3,T07,ABC Pueblo Libre,Supermarket,Pueblo Libre,53666.76,27082.4,8522.18,6638.4,2223.21,1054.75,99187.7
2024-03-01,2024,3,T08,ABC Jesus Maria,Supermarket,Jesus Maria,56005.27,21738.44,8155.4,6077.42,2466.75,1452.01,95895.28
2024-03-01,2024,3,T09,ABC Lince,Express,Lince,16173.08,12362.6,4846.65,3532.81,2115.2,1460.86,40491.19
2024-03-01,2024,3,T10,ABC San Miguel,Supermarket,San Miguel,47049.32,27821.23,7443.38,4667.06,1720.93,1130.32,89832.23
2024-04-01,2024,4,T01,ABC Miraflores,Express,Miraflores,20198.43,13389.44,3257.22,3389.6,2212.56,1535.38,43982.63
2024-04-01,2024,4,T02,ABC San Isidro,Express,San Isidro,18873.83,12033.93,5121.73,3236.85,2052.82,1424.58,42743.75
2024-04-01,2024,4,T03,ABC Surco,Supermarket,Surco,53699.16,28086.67,5945.81,6926.54,2486.12,1293.35,98437.63
2024-04-01,2024,4,T04,ABC La Molina,Supermarket,La Molina,49363.41,25815.82,7903.44,4060.21,2837.38,1350.25,91330.51
2024-04-01,2024,4,T05,ABC San Borja,Express,San Borja,16728.63,14659.65,4651.28,2925.86,3228.0,2209.44,44402.87
2024-04-01,2024,4,T06,ABC Barranco,Express,Barranco,19789.54,13885.43,3320.79,3512.67,2573.68,2489.61,45571.73
2024-04-01,2024,4,T07,ABC Pueblo Libre,Supermarket,Pueblo Libre,47012.43,29049.73,5498.75,7479.31,3133.12,2489.44,94662.78
2024-04-01,2024,4,T08,ABC Jesus Maria,Supermarket,Jesus Maria,43397.17,22241.85,10142.08,5309.56,2813.02,1418.45,85322.13
2024-04-01,2024,4,T09,ABC Lince,Express,Lince,20269.13,12108.89,4844.29,2181.0,2302.9,1466.43,43172.65
2024-04-01,2024,4,T10,ABC San Miguel,Supermarket,San Miguel,52495.41,25783.93,5422.63,7881.17,2493.34,1150.72,95227.2
2024-05-01,2024,5,T01,ABC Miraflores,Express,Miraflores,19906.93,15674.0,3601.13,3875.54,1905.27,1093.72,46056.59
2024-05-01,2024,5,T02,ABC San Isidro,Express,San Isidro,19715.17,11685.46,3761.48,3564.74,2745.8,2368.63,43841.28
2024-05-01,2024,5,T03,ABC Surco,Supermarket,Surco,41425.19,21551.27,6890.52,7850.35,1919.71,2378.48,82015.52
2024-05-01,2024,5,T04,ABC La Molina,Supermarket,La Molina,48336.35,21814.93,5977.46,6843.93,2995.08,1884.54,87852.3
2024-05-01,2024,5,T05,ABC San Borja,Express,San Borja,18283.88,14530.02,3678.85,3472.31,1709.92,1945.51,43620.5
2024-05-01,2024,5,T06,ABC Barranco,Express,Barranco,17798.96,15960.0,4577.46,3782.82,2867.49,1925.26,46911.98
2024-05-01,2024,5,T07,ABC Pueblo Libre,Supermarket,Pueblo Libre,52827.6,21179.22,8139.56,4449.01,2796.03,2268.1,91659.53
2024-05-01,2024,5,T08,ABC Jesus Maria,Supermarket,Jesus Maria,50957.03,28618.23,7174.75,5526.87,1518.85,1180.72,94976.45
2024-05-01,2024,5,T09,ABC Lince,Express,Lince,16677.75,13414.01,3180.99,2983.71,2912.34,1033.95,40202.75
2024-05-01,2024,5,T10,ABC San Miguel,Supermarket,San Miguel,55612.05,26075.67,9050.38,7440.34,2545.17,1005.19,101728.8
2024-06-01,2024,6,T01,ABC Miraflores,Express,Miraflores,16322.23,13572.21,4577.18,3344.36,2435.9,2418.24,42670.12
2024-06-01,2024,6,T02,ABC San Isidro,Express,San Isidro,16125.33,11282.36,4394.67,2166.58,2731.14,2463.92,39164.0
2024-06-01,2024,6,T03,ABC Surco,Supermarket,Surco,43309.11,29316.05,9054.97,7610.42,2676.16,2481.77,94448.47
2024-06-01,2024,6,T04,ABC La Molina,Supermarket,La Molina,44886.49,25422.06,6051.32,4851.76,2177.7,1340.03,84729.36
2024-06-01,2024,6,T05,ABC San Borja,Express,San Borja,18239.4,13318.76,4844.56,3704.36,1513.95,2197.4,43818.42
2024-06-01,2024,6,T06,ABC Barranco,Express,Barranco,18855.88,14641.81,4462.43,2664.36,2203.8,2300.7,45128.97
2024-06-01,2024,6,T07,ABC Pueblo Libre,Supermarket,Pueblo Libre,48951.87,20829.76,8917.19,6759.98,2086.32,2197.6,89742.72
2024-06-01,2024,6,T08,ABC Jesus Maria,Supermarket,Jesus Maria,42988.12,29147.89,10605.65,4707.19,3148.48,1586.05,92183.38
2024-06-01,2024,6,T09,ABC Lince,Express,Lince,15706.18,16303.1,4166.41,3438.67,2602.97,2270.37,44487.71
2024-06-01,2024,6,T10,ABC San Miguel,Supermarket,San Miguel,45021.37,27120.93,5507.58,7293.43,2864.48,1534.76,89342.55
2024-07-01,2024,7,T01,ABC Miraflores,Express,Miraflores,18248.6,14726.84,3239.36,3606.92,3328.78,1547.02,44697.52
2024-07-01,2024,7,T02,ABC San Isidro,Express,San Isidro,20184.96,15700.91,2969.3,2577.62,2971.6,2258.09,46662.47
2024-07-01,2024,7,T03,ABC Surco,Supermarket,Surco,55607.85,28637.31,7497.33,4067.87,3355.49,1326.38,100492.23
2024-07-01,2024,7,T04,ABC La Molina,Supermarket,La Molina,46914.93,30141.18,10556.95,6677.55,3033.69,2339.18,99663.47
2024-07-01,2024,7,T05,ABC San Borja,Express,San Borja,16506.4,15550.48,4427.32,3304.93,2740.01,2298.55,44827.7
2024-07-01,2024,7,T06,ABC Barranco,Express,Barranco,19124.44,12639.49,4823.73,2931.61,1940.78,1015.33,42475.38
2024-07-01,2024,7,T07,ABC Pueblo Libre,Supermarket,Pueblo Libre,55906.41,27818.04,8643.71,7328.43,3128.09,1474.59,104299.28
2024-07-01,2024,7,T08,ABC Jesus Maria,Supermarket,Jesus Maria,44697.83,22110.19,7388.83,4338.64,2452.54,1547.09,82535.12
2024-07-01,2024,7,T09,ABC Lince,Express,Lince,20551.4,13998.83,3609.15,2517.06,2925.83,1367.6,44969.88
2024-07-01,2024,7,T10,ABC San Miguel,Supermarket,San Miguel,51890.96,29721.15,10057.51,4992.32,2599.9,1140.21,100402.05
2024-08-01,2024,8,T01,ABC Miraflores,Express,Miraflores,17629.95,15403.11,4889.21,2488.47,2497.34,1389.37,44297.44
2024-08-01,2024,8,T02,ABC San Isidro,Express,San Isidro,21796.06,13689.71,4732.68,3091.16,2348.97,2438.73,48097.31
2024-08-01,2024,8,T03,ABC Surco,Supermarket,Surco,46383.65,23070.03,7219.58,7065.06,3328.79,1166.75,88233.87
2024-08-01,2024,8,T04,ABC La Molina,Supermarket,La Molina,50100.05,21424.74,7824.82,6045.35,3114.36,1200.98,89710.3
2024-08-01,2024,8,T05,ABC San Borja,Express,San Borja,19292.12,15116.63,3894.15,2142.0,2224.56,1232.15,43901.61
2024-08-01,2024,8,T06,ABC Barranco,Express,Barranco,20925.48,14463.79,4582.31,3533.59,2423.72,1340.62,47269.51
2024-08-01,2024,8,T07,ABC Pueblo Libre,Supermarket,Pueblo Libre,47424.72,22169.55,9648.55,5812.28,2976.29,2486.16,90517.55
2024-08-01,2024,8,T08,ABC Jesus Maria,Supermarket,Jesus Maria,53812.2,24769.84,7897.91,4622.45,2216.21,1662.31,94980.92
2024-08-01,2024,8,T09,ABC Lince,Express,Lince,15767.45,12197.71,4749.97,2854.5,2223.31,2208.26,40001.19
2024-08-01,2024,8,T10,ABC San Miguel,Supermarket,San Miguel,53532.54,25328.17,10772.5,7098.19,2462.31,2083.99,101277.69
2024-09-01,2024,9,T01,ABC Miraflores,Express,Miraflores,17016.85,13669.39,3397.93,2395.13,1531.89,1278.57,39289.76
2024-09-01,2024,9,T02,ABC San Isidro,Express,San Isidro,18431.24,15409.1,4785.4,2931.35,2148.64,1688.53,45394.25
2024-09-01,2024,9,T03,ABC Surco,Supermarket,Surco,44277.25,21168.43,8438.16,5395.94,3041.16,1591.64,83912.58
2024-09-01,2024,9,T04,ABC La Molina,Supermarket,La Molina,50008.03,30160.87,10224.92,4803.04,2532.39,1450.39,99179.64
2024-09-01,2024,9,T05,ABC San Borja,Express,San Borja,15946.8,13305.21,3251.75,1970.06,2805.41,1565.87,38845.09
2024-09-01,2024,9,T06,ABC Barranco,Express,Barranco,16956.48,13625.51,2775.75,3577.93,1913.05,1507.39,40356.11
2024-09-01,2024,9,T07,ABC Pueblo Libre,Supermarket,Pueblo Libre,53287.07,30022.14,7564.79,5741.15,1776.73,1905.61,100297.49
2024-09-01,2024,9,T08,ABC Jesus Maria,Supermarket,Jesus Maria,44885.32,25794.75,9298.99,7435.38,2714.76,1609.66,91738.86
2024-09-01,2024,9,T09,ABC Lince,Express,Lince,19869.01,11296.49,3284.44,3741.12,2546.63,1590.08,42327.77
2024-09-01,2024,9,T10,ABC San Miguel,Supermarket,San Miguel,52507.48,22390.21,9147.18,7209.7,3054.84,1389.56,95698.97
2024-10-01,2024,10,T01,ABC Miraflores,Express,Miraflores,17905.99,11271.49,3964.55,3576.78,3044.01,1711.4,41474.2
2024-10-01,2024,10,T02,ABC San Isidro,Express,San Isidro,19358.02,14997.73,5088.18,2588.38,3207.51,1643.6,46883.42
2024-10-01,2024,10,T03,ABC Surco,Supermarket,Surco,45722.92,20772.84,6436.0,6707.76,2143.34,1675.35,83458.21
2024-10-01,2024,10,T04,ABC La Molina,Supermarket,La Molina,53671.92,25516.49,10161.91,6074.24,2178.0,1382.04,98984.6
2024-10-01,2024,10,T05,ABC San Borja,Express,San Borja,18468.8,11539.59,4431.61,2003.86,3162.35,1790.45,41396.66
2024-10-01,2024,10,T06,ABC Barranco,Express,Barranco,16649.99,12079.99,3146.15,2734.76,3174.59,1683.16,39468.63
2024-10-01,2024,10,T07,ABC Pueblo Libre,Supermarket,Pueblo Libre,44875.08,21263.29,6350.74,7871.96,1794.45,1154.93,83310.45
2024-10-01,2024,10,T08,ABC Jesus Maria,Supermarket,Jesus Maria,54083.67,28757.65,9882.71,6687.56,2480.19,1910.12,103801.9
2024-10-01,2024,10,T09,ABC Lince,Express,Lince,21817.33,11693.64,3027.39,3469.9,1815.23,2324.56,44148.05
2024-10-01,2024,10,T10,ABC San Miguel,Supermarket,San Miguel,47622.84,23477.13,9920.61,5686.8,2606.92,1048.57,90362.87
2024-11-01,2024,11,T01,ABC Miraflores,Express,Miraflores,16898.18,11677.83,3704.56,3078.24,1914.66,2284.72,39558.18
2024-11-01,2024,11,T02,ABC San Isidro,Express,San Isidro,16919.97,11293.26,3068.48,2755.76,3422.16,1852.96,39312.58
2024-11-01,2024,11,T03,ABC Surco,Supermarket,Surco,50774.57,21611.03,10688.21,5127.87,2857.22,1402.96,92461.85
2024-11-01,2024,11,T04,ABC La Molina,Supermarket,La Molina,55423.68,21272.11,8350.38,7566.82,2401.15,2325.31,97339.46
2024-11-01,2024,11,T05,ABC San Borja,Express,San Borja,20584.79,15930.26,4696.18,2106.75,3347.7,1668.47,48334.16
2024-11-01,2024,11,T06,ABC Barranco,Express,Barranco,20705.16,15756.53,4381.65,3785.66,2082.41,1297.43,48008.84
2024-11-01,2024,11,T07,ABC Pueblo Libre,Supermarket,Pueblo Libre,44700.06,28750.06,6391.11,7763.12,2253.47,1335.82,91193.65
2024-11-01,2024,11,T08,ABC Jesus Maria,Supermarket,Jesus Maria,43507.66,28491.42,6263.51,5178.48,2387.2,2468.33,88296.61
2024-11-01,2024,11,T09,ABC Lince,Express,Lince,21572.56,11167.15,3177.96,3047.5,2982.87,2134.35,44082.39
2024-11-01,2024,11,T10,ABC San Miguel,Supermarket,San Miguel,47036.78,21275.16,10157.27,6543.92,2725.5,2479.96,90218.59
2024-12-01,2024,12,T01,ABC Miraflores,Express,Miraflores,17913.93,14772.52,3169.36,3129.19,1754.44,2051.07,42790.51
2024-12-01,2024,12,T02,ABC San Isidro,Express,San Isidro,22138.73,13703.6,4006.39,2119.66,3289.62,1176.81,46434.81
2024-12-01,2024,12,T03,ABC Surco,Supermarket,Surco,48273.6,24047.8,5657.89,7998.51,2626.42,1643.86,90248.08
2024-12-01,2024,12,T04,ABC La Molina,Supermarket,La Molina,43890.65,24843.17,7666.82,5650.29,2162.26,1257.47,85470.65
2024-12-01,2024,12,T05,ABC San Borja,Express,San Borja,21325.21,14013.99,3389.68,3855.6,2676.22,1397.16,46657.86
2024-12-01,2024,12,T06,ABC Barranco,Express,Barranco,20601.73,14187.72,2660.83,3359.43,2511.33,1819.2,45140.23
2024-12-01,2024,12,T07,ABC Pueblo Libre,Supermarket,Pueblo Libre,46831.48,20714.48,9440.19,8074.56,3007.07,2269.73,90337.51
2024-12-01,2024,12,T08,ABC Jesus Maria,Supermarket,Jesus Maria,42156.41,21118.08,5455.24,6945.22,1706.57,2439.75,79821.25
2024-12-01,2024,12,T09,ABC Lince,Express,Lince,21207.45,14232.62,3031.35,3454.71,3308.24,2164.94,47399.31
2024-12-01,2024,12,T10,ABC San Miguel,Supermarket,San Miguel,57583.21,29203.67,6686.26,4181.93,2018.1,1858.63,101531.8
