fecha,anio,mes,tienda_id,tienda_nombre,formato,distrito,nse,ventas,costo_ventas,margen_bruto,merma,unidades,personal,alquiler,servicios,logistica,mantenimiento,otros,total_opex,ebitda,margen_bruto_pct,merma_pct,ebitda_pct
2022-01-01,2022,1,T01,ABC Miraflores,Express,Miraflores,AB,743113.9,539711.15,203402.76,41539.24,36935,17331.19,13982.7,4932.68,3059.71,2061.16,2129.89,43497.34,118366.18000000002,27.37,5.59,15.93
2022-01-01,2022,1,T02,ABC San Isidro,Express,San Isidro,AB,724514.3,511050.39,213463.91999999998,41778.89,31332,19025.95,11249.65,4692.27,2124.86,2825.33,1730.94,41649.0,130036.02999999997,29.46,5.77,17.95
2022-01-01,2022,1,T03,ABC Surco,Supermarket,Surco,AB,1456044.19,1013978.66,442065.55,84755.01,75557,49144.39,20086.14,6822.88,8073.87,2104.2,2262.21,88493.69,268816.85,30.36,5.82,18.46
2022-01-01,2022,1,T04,ABC La Molina,Supermarket,La Molina,AB,1505772.61,1078879.28,426893.33,95008.4,59880,37097.46,21578.27,9687.27,7430.6,3394.5,1245.05,80433.14,251451.79000000004,28.35,6.31,16.7
2022-01-01,2022,1,T05,ABC San Borja,Express,San Borja,AB,756205.28,534685.73,221519.53,45723.11,31905,18232.87,13486.56,3328.86,2712.14,1862.35,2127.41,41750.19,134046.22999999998,29.29,6.05,17.73
2022-01-01,2022,1,T06,ABC Barranco,Express,Barranco,BC,673457.5800000001,486180.72000000003,187276.86,35441.24,31301,17764.08,14194.07,4572.82,2337.99,1766.95,2491.02,43126.94,108708.68,27.81,5.26,16.14
2022-01-01,2022,1,T07,ABC Pueblo Libre,Supermarket,Pueblo Libre,BC,1525736.86,1062426.7,463310.18,94939.98999999999,72808,45292.32,21627.34,6135.98,4594.49,2302.55,2487.26,82439.93,285930.26,30.37,6.22,18.74
2022-01-01,2022,1,T08,ABC Jesus Maria,Supermarket,Jesus Maria,BC,1337390.26,958196.91,379193.37,69497.59,62434,39375.13,27488.11,6640.5,4938.81,2007.28,1702.67,82152.5,227543.28000000003,28.35,5.2,17.01
2022-01-01,2022,1,T09,ABC Lince,Express,Lince,BC,583092.2,415212.42000000004,167879.78,38132.5,24174,14122.46,13892.06,4342.85,2784.16,2412.59,2399.22,39953.35,89793.93,28.79,6.54,15.4
2022-01-01,2022,1,T10,ABC San Miguel,Supermarket,San Miguel,BC,1329373.43,929433.54,399939.89,82599.59,65577,36405.24,27288.72,6166.77,5987.47,2719.92,2126.36,80694.47,236645.83000000005,30.08,6.21,17.8
2022-02-01,2022,2,T01,ABC Miraflores,Express,Miraflores,AB,750357.42,531511.36,218846.07,45013.06,38483,15546.62,14903.36,2747.33,2492.09,2240.39,1084.08,39013.86,134819.15000000002,29.17,6.0,17.97
2022-02-01,2022,2,T02,ABC San Isidro,Express,San Isidro,AB,736556.1799999999,515778.91000000003,220777.25,45651.57,25522,19005.71,11347.9,3200.16,3084.36,3039.16,2224.1,41901.39,133224.28999999998,29.97,6.2,18.09
2022-02-01,2022,2,T03,ABC Surco,Supermarket,Surco,AB,1475089.22,1051929.33,423159.89,80672.48999999999,56120,38881.86,19764.29,6862.61,7767.49,3084.81,1070.0,77431.07,265056.33,28.69,5.47,17.97
2022-02-01,2022,2,T04,ABC La Molina,Supermarket,La Molina,AB,1452747.47,993676.16,459071.33,81683.36,60567,44262.26,23671.92,10511.36,7288.2,3119.0,2195.74,91048.48,286339.49000000005,31.6,5.62,19.71
2022-02-01,2022,2,T05,ABC San Borja,Express,San Borja,AB,743075.15,518319.85,224755.27000000002,41748.82,31058,18871.57,10580.29,3780.97,2267.94,1826.81,2195.6,39523.18,143483.27000000002,30.25,5.62,19.31
2022-02-01,2022,2,T06,ABC Barranco,Express,Barranco,BC,679192.38,475239.29,203953.06,36342.22,28357,15422.28,14817.29,2752.07,3537.93,2944.42,2374.44,41848.44,125762.4,30.03,5.35,18.52
2022-02-01,2022,2,T07,ABC Pueblo Libre,Supermarket,Pueblo Libre,BC,1228487.65,874141.92,354345.73,79324.59,35085,40167.66,27536.19,7897.88,7193.56,1703.18,2376.02,86874.49,188146.65000000002,28.84,6.46,15.32
2022-02-01,2022,2,T08,ABC Jesus Maria,Supermarket,Jesus Maria,BC,1347286.92,968558.66,378728.24,71536.43,57400,45747.42,25787.95,7134.02,5104.82,1711.74,2179.99,87665.95,219525.86,28.11,5.31,16.29
2022-02-01,2022,2,T09,ABC Lince,Express,Lince,BC,639579.54,448221.98,191357.56,37355.04,28051,17123.44,14725.1,5006.71,2047.59,2219.52,1812.44,42934.8,111067.71999999999,29.92,5.84,17.37
2022-02-01,2022,2,T10,ABC San Miguel,Supermarket,San Miguel,BC,1182106.69,827223.08,354883.61,64859.81,53551,44213.33,27876.53,6232.07,6794.43,2757.84,1509.22,89383.43,200640.37,30.02,5.49,16.97
2022-03-01,2022,3,T01,ABC Miraflores,Express,Miraflores,AB,741365.36,513114.22,228251.13,42506.31,41040,18698.59,10814.04,3004.43,3117.65,3105.33,1877.4,40617.44,145127.38,30.79,5.73,19.58
2022-03-01,2022,3,T02,ABC San Isidro,Express,San Isidro,AB,807405.52,563869.61,243535.91,48781.880000000005,36069,17677.68,12387.86,4571.45,2499.41,2009.44,1760.7,40906.54,153847.49,30.16,6.04,19.05
2022-03-01,2022,3,T03,ABC Surco,Supermarket,Surco,AB,1749981.38,1223219.24,526762.11,100223.21,85001,47356.24,28119.1,8021.53,6590.16,2402.74,2154.13,94643.91,331894.99,30.1,5.73,18.97
2022-03-01,2022,3,T04,ABC La Molina,Supermarket,La Molina,AB,1565339.87,1103647.46,461692.41000000003,99454.68000000001,88545,37661.49,21195.39,6101.95,4398.11,1594.29,1796.37,72747.61,289490.12000000005,29.49,6.35,18.49
2022-03-01,2022,3,T05,ABC San Borja,Express,San Borja,AB,769732.99,539351.22,230381.77000000002,46511.3,28937,19218.7,10705.62,4411.91,3865.91,2605.6,2211.01,43018.76,140851.71000000002,29.93,6.04,18.3
2022-03-01,2022,3,T06,ABC Barranco,Express,Barranco,BC,649194.83,455740.02999999997,193454.81,39385.53,23911,17980.73,10744.98,4982.46,3853.2,1647.87,2282.59,41491.82,112577.45999999999,29.8,6.07,17.34
2022-03-01,2022,3,T07,ABC Pueblo Libre,Supermarket,Pueblo Libre,BC,1376433.9,974282.72,402151.18,79876.23999999999,50228,49160.97,23911.05,9145.36,7281.65,3365.06,1897.4,94761.5,227513.44,29.22,5.8,16.53
2022-03-01,2022,3,T08,ABC Jesus Maria,Supermarket,Jesus Maria,BC,1332080.8,928718.5700000001,403362.23,70731.29000000001,69691,41699.28,24848.59,8744.9,5069.87,2209.92,1897.27,84469.82,248161.11999999994,30.28,5.31,18.63
2022-03-01,2022,3,T09,ABC Lince,Express,Lince,BC,653507.05,452645.96,200861.1,38253.2,34717,17938.99,14897.26,2884.42,2148.95,1851.01,2357.97,42078.59,120529.31000000003,30.74,5.85,18.44
2022-03-01,2022,3,T10,ABC San Miguel,Supermarket,San Miguel,BC,1536864.45,1074706.43,462158.03,102003.01,75121,50365.42,26310.79,6748.78,6308.1,1863.58,1032.2,92628.86,267526.16000000003,30.07,6.64,17.41
2022-04-01,2022,4,T01,ABC Miraflores,Express,Miraflores,AB,798672.72,565560.9,233111.84999999998,47537.479999999996,23051,18690.95,11233.3,2893.77,2293.49,2858.25,2027.65,39997.41,145576.96,29.19,5.95,18.23
2022-04-01,2022,4,T02,ABC San Isidro,Express,San Isidro,AB,843338.75,601932.06,241406.67,48035.53,35797,15370.04,14807.44,3594.5,3818.32,3317.54,2110.06,43017.91,150353.23,28.63,5.7,17.83
2022-04-01,2022,4,T03,ABC Surco,Supermarket,Surco,AB,1581854.9,1114778.69,467076.2,81955.04000000001,69260,36717.0,24410.16,6455.71,8003.46,2088.86,1664.23,79339.41,305781.75,29.53,5.18,19.33
2022-04-01,2022,4,T04,ABC La Molina,Supermarket,La Molina,AB,1655101.87,1204737.9100000001,450363.95,92504.76,61032,49976.11,19668.55,8111.9,6150.19,2517.15,1870.17,88294.06,269565.13,27.21,5.59,16.29
2022-04-01,2022,4,T05,ABC San Borja,Express,San Borja,AB,839345.34,599811.13,239534.22,52323.630000000005,32180,15759.32,11827.71,2654.1,2274.11,3220.36,1920.77,37656.39,149554.2,28.54,6.23,17.82
2022-04-01,2022,4,T06,ABC Barranco,Express,Barranco,BC,686115.4,487212.88,198902.53,38137.05,31210,16020.6,12986.69,3508.34,3143.55,3249.91,1284.2,40193.29,120572.18999999997,28.99,5.56,17.57
2022-04-01,2022,4,T07,ABC Pueblo Libre,Supermarket,Pueblo Libre,BC,1424449.29,1015058.07,409391.23,85500.37,59198,46703.34,24021.2,8769.14,7710.28,2294.52,1951.99,91450.47,232440.38999999998,28.74,6.0,16.32
2022-04-01,2022,4,T08,ABC Jesus Maria,Supermarket,Jesus Maria,BC,1378084.85,990176.8200000001,387908.0,87059.45999999999,80822,39765.54,28123.42,8627.76,5331.96,1966.34,1277.48,85092.5,215756.04000000004,28.15,6.32,15.66
2022-04-01,2022,4,T09,ABC Lince,Express,Lince,BC,703691.27,496844.0,206847.25,40259.58,40451,19047.98,12823.41,4666.46,2262.04,2217.39,1230.42,42247.68,124339.98999999999,29.39,5.72,17.67
2022-04-01,2022,4,T10,ABC San Miguel,Supermarket,San Miguel,BC,1250400.29,871718.02,378682.25,67708.18,53151,42835.55,27560.98,7286.16,4389.05,3119.04,1200.73,86391.51,224582.56,30.28,5.41,17.96
2022-05-01,2022,5,T01,ABC Miraflores,Express,Miraflores,AB,829045.3,572430.5700000001,256614.74,52864.09,29374,17632.1,13306.25,5011.36,2244.27,2071.68,1107.0,41372.66,162377.99,30.95,6.38,19.59
2022-05-01,2022,5,T02,ABC San Isidro,Express,San Isidro,AB,837319.7,583556.12,253763.61,45264.71,29023,19141.11,15179.75,4598.37,2375.81,1803.27,1476.62,44574.94,163923.96,30.31,5.41,19.58
2022-05-01,2022,5,T03,ABC Surco,Supermarket,Surco,AB,1795692.0,1259724.02,535967.99,110560.83,69746,48007.49,25880.3,7572.01,5815.36,2426.54,2080.3,91782.0,333625.16,29.85,6.16,18.58
2022-05-01,2022,5,T04,ABC La Molina,Supermarket,La Molina,AB,1797980.9,1248561.04,549419.87,122028.95,60938,39116.48,23218.31,9864.01,6977.02,2828.16,2430.93,84434.9,342956.02,30.56,6.79,19.07
2022-05-01,2022,5,T05,ABC San Borja,Express,San Borja,AB,709841.23,507866.37,201974.87,37378.94,28272,14214.4,12347.22,3471.58,2455.46,2528.74,1969.46,36986.87,127609.06,28.45,5.27,17.98
2022-05-01,2022,5,T06,ABC Barranco,Express,Barranco,BC,759833.92,528017.59,231816.33000000002,44230.93,37233,17056.9,10975.77,3132.38,2158.59,2809.4,2140.42,38273.47,149311.93000000002,30.51,5.82,19.65
2022-05-01,2022,5,T07,ABC Pueblo Libre,Supermarket,Pueblo Libre,BC,1523624.44,1065270.45,458354.0,86119.34,56002,37440.47,21980.76,8285.94,7496.52,2908.74,1235.55,79347.98,292886.68000000005,30.08,5.65,19.22
2022-05-01,2022,5,T08,ABC Jesus Maria,Supermarket,Jesus Maria,BC,1386177.78,1000821.65,385356.13,84684.11,64463,48913.43,20261.74,9992.72,4432.16,3157.67,2173.17,88930.9,211741.12000000002,27.8,6.11,15.28
2022-05-01,2022,5,T09,ABC Lince,Express,Lince,BC,689655.5700000001,505909.08,183746.48,38738.5,33895,16055.63,11950.76,4323.14,3672.7,2922.46,1807.49,40732.17,104275.81000000001,26.64,5.62,15.12
2022-05-01,2022,5,T10,ABC San Miguel,Supermarket,San Miguel,BC,1472843.23,1044879.44,427963.82,82182.28,59689,49662.23,24445.3,8293.24,8065.31,2095.91,1012.65,93574.65,252206.89000000004,29.06,5.58,17.12
2022-06-01,2022,6,T01,ABC Miraflores,Express,Miraflores,AB,787157.0700000001,565996.35,221160.72,43152.93,30534,18318.3,11037.7,3449.46,3034.73,1616.98,1463.96,38921.13,139086.66,28.1,5.48,17.67
2022-06-01,2022,6,T02,ABC San Isidro,Express,San Isidro,AB,855062.52,615896.02,239166.49,50360.69,30470,15747.68,11154.47,4775.73,1951.87,3089.22,1266.49,37985.47,150820.33,27.97,5.89,17.64
2022-06-01,2022,6,T03,ABC Surco,Supermarket,Surco,AB,1862030.74,1317553.37,544477.35,102676.98999999999,67195,50727.84,27831.65,8088.27,6635.04,2460.88,2247.86,97991.55,343808.81,29.24,5.51,18.46
2022-06-01,2022,6,T04,ABC La Molina,Supermarket,La Molina,AB,1737161.45,1223187.01,513974.47000000003,95654.97,63081,44700.88,26561.04,10582.72,6633.11,2063.54,2305.32,92846.62,325472.88,29.59,5.51,18.74
2022-06-01,2022,6,T05,ABC San Borja,Express,San Borja,AB,764698.27,536787.79,227910.47,45842.53,28782,18236.12,14297.85,2908.76,2798.92,1758.6,1444.29,41444.54,140623.4,29.8,5.99,18.39
2022-06-01,2022,6,T06,ABC Barranco,Express,Barranco,BC,708938.82,499306.43,209632.4,40898.61,39026,15044.36,13491.52,4458.63,2800.43,1789.66,1112.66,38697.27,130036.51999999999,29.57,5.77,18.34
2022-06-01,2022,6,T07,ABC Pueblo Libre,Supermarket,Pueblo Libre,BC,1424343.72,1015816.76,408526.94,88197.52,72289,39702.79,22281.31,5745.4,5201.5,2723.47,1797.85,77452.33,242877.08999999997,28.68,6.19,17.05
2022-06-01,2022,6,T08,ABC Jesus Maria,Supermarket,Jesus Maria,BC,1439067.5899999999,980584.27,458483.33999999997,91394.20999999999,57566,48771.12,20526.19,9356.79,7847.53,3334.07,1852.53,91688.22,275400.91000000003,31.86,6.35,19.14
2022-06-01,2022,6,T09,ABC Lince,Express,Lince,BC,828300.06,592837.84,235462.21000000002,47489.74,48525,18870.04,14742.62,2834.12,3632.27,2393.03,2238.07,44710.15,143262.32000000004,28.43,5.73,17.3
2022-06-01,2022,6,T10,ABC San Miguel,Supermarket,San Miguel,BC,1447236.84,1016533.14,430703.67,89166.64,59601,43006.1,25045.63,10674.53,5174.62,2881.31,1144.8,87927.0,253610.02999999997,29.76,6.16,17.52
2022-07-01,2022,7,T01,ABC Miraflores,Express,Miraflores,AB,856485.49,603858.27,252627.19,46916.57,49625,14996.27,13921.71,2888.32,3021.63,1614.03,2312.78,38754.74,166955.88,29.5,5.48,19.49
2022-07-01,2022,7,T02,ABC San Isidro,Express,San Isidro,AB,980364.21,674893.71,305470.51,59244.64,39785,16469.27,10602.59,4389.29,2277.78,1504.26,1008.07,36251.27,209974.6,31.16,6.04,21.42
2022-07-01,2022,7,T03,ABC Surco,Supermarket,Surco,AB,1793443.76,1271830.93,521612.82,106994.31,84255,51056.02,26306.76,8311.9,4833.24,2292.06,2309.45,95109.43,319509.08,29.08,5.97,17.82
2022-07-01,2022,7,T04,ABC La Molina,Supermarket,La Molina,AB,1798972.73,1264987.31,533985.43,103688.6,66961,37202.38,25249.46,7163.84,4776.81,1988.54,1794.19,78175.23,352121.6000000001,29.68,5.76,19.57
2022-07-01,2022,7,T05,ABC San Borja,Express,San Borja,AB,974998.76,697492.51,277506.26,58727.509999999995,43041,15413.66,13977.94,5031.83,3028.64,1823.68,1626.89,40902.64,177876.11,28.46,6.02,18.24
2022-07-01,2022,7,T06,ABC Barranco,Express,Barranco,BC,771820.41,545692.49,226127.91999999998,42631.03,31661,18656.36,11337.49,4623.72,3446.25,1624.9,1676.65,41365.36,142131.52999999997,29.3,5.52,18.42
2022-07-01,2022,7,T07,ABC Pueblo Libre,Supermarket,Pueblo Libre,BC,1478063.12,1047087.12,430975.99,91092.7,63905,45079.14,23432.98,9842.23,7112.96,3367.12,2286.69,91121.13,248762.15999999997,29.16,6.16,16.83
2022-07-01,2022,7,T08,ABC Jesus Maria,Supermarket,Jesus Maria,BC,1622827.86,1172164.4,450663.45,86120.43,85636,39779.69,24557.87,10203.49,7622.16,2503.2,2339.44,87005.85,277537.17000000004,27.77,5.31,17.1
2022-07-01,2022,7,T09,ABC Lince,Express,Lince,BC,702268.9199999999,482389.59,219879.31,44375.07,29681,17883.45,14825.54,3130.0,3538.39,2315.02,2120.48,43812.88,131691.36,31.31,6.32,18.75
2022-07-01,2022,7,T10,ABC San Miguel,Supermarket,San Miguel,BC,1607899.2,1124921.1,482978.07,97572.48999999999,75136,44658.31,25278.5,10169.67,7952.07,3326.1,2125.06,93509.72,291895.86,30.04,6.07,18.15
2022-08-01,2022,8,T01,ABC Miraflores,Express,Miraflores,AB,868418.98,623214.66,245204.34,47260.36,37973,18492.7,11367.46,3782.68,2433.27,2604.3,2447.7,41128.11,156815.87,28.24,5.44,18.06
2022-08-01,2022,8,T02,ABC San Isidro,Express,San Isidro,AB,965895.0700000001,685041.71,280853.37,53084.72,30255,14761.84,15268.42,3093.67,3244.46,3082.2,1301.69,40752.28,187016.37,29.08,5.5,19.36
2022-08-01,2022,8,T03,ABC Surco,Supermarket,Surco,AB,1896522.89,1337209.9,559312.98,119147.59,78490,40662.3,25039.84,5935.41,6239.29,2516.2,2456.22,82849.26,357316.13,29.49,6.28,18.84
2022-08-01,2022,8,T04,ABC La Molina,Supermarket,La Molina,AB,1666299.72,1181038.04,485261.69,88041.49,59077,42508.01,21200.2,9380.73,6999.71,1626.6,1715.31,83430.56,313789.64,29.12,5.28,18.83
2022-08-01,2022,8,T05,ABC San Borja,Express,San Borja,AB,862174.98,599424.77,262750.23,48632.92,33816,18154.78,14244.84,5046.53,1988.58,3405.34,1723.42,44563.49,169553.82,30.48,5.64,19.67
2022-08-01,2022,8,T06,ABC Barranco,Express,Barranco,BC,799677.7,556770.4400000001,242907.28,47928.36,37408,16329.23,13688.15,3698.48,3176.84,2240.47,1873.0,41006.17,153972.75,30.38,5.99,19.25
2022-08-01,2022,8,T07,ABC Pueblo Libre,Supermarket,Pueblo Libre,BC,1421752.81,1000948.3,420804.52,82176.78,63612,37390.13,27679.57,8306.42,4456.83,2808.38,1399.6,82040.93,256586.81,29.6,5.78,18.05
2022-08-01,2022,8,T08,ABC Jesus Maria,Supermarket,Jesus Maria,BC,1516143.21,1066504.58,449638.65,97026.95999999999,60765,48788.7,25152.65,7922.28,5850.61,2319.5,1690.97,91724.71,260886.98000000004,29.66,6.4,17.21
2022-08-01,2022,8,T09,ABC Lince,Express,Lince,BC,730683.05,520783.04,209900.02000000002,46018.61,36195,16994.28,11042.28,5121.84,2767.05,3206.46,1964.88,41096.78,122784.63000000003,28.73,6.3,16.8
2022-08-01,2022,8,T10,ABC San Miguel,Supermarket,San Miguel,BC,1513990.5699999998,1049480.3699999999,464510.16,94975.98,90110,45367.77,22220.07,8968.0,4771.69,2851.11,2486.01,86664.65,282869.53,30.68,6.27,18.68
2022-09-01,2022,9,T01,ABC Miraflores,Express,Miraflores,AB,835825.77,594356.2,241469.58000000002,50034.19,25272,18874.55,11238.31,3616.05,2668.85,3406.68,1598.88,41403.32,150032.07,28.89,5.99,17.95
2022-09-01,2022,9,T02,ABC San Isidro,Express,San Isidro,AB,871699.55,617890.4,253809.15,46979.979999999996,44142,16389.11,11336.99,4861.68,3070.75,1688.4,1485.51,38832.45,167996.71999999997,29.12,5.39,19.27
2022-09-01,2022,9,T03,ABC Surco,Supermarket,Surco,AB,1765538.8599999999,1243719.99,521818.83,103426.15,74434,40506.37,25112.36,8603.15,7658.99,1825.02,1489.23,85195.12,333197.56000000006,29.56,5.86,18.87
2022-09-01,2022,9,T04,ABC La Molina,Supermarket,La Molina,AB,1846872.65,1294323.29,552549.38,95170.03,59086,46471.23,25607.58,8792.68,4086.58,2388.68,1446.79,88793.54,368585.81,29.92,5.15,19.96
2022-09-01,2022,9,T05,ABC San Borja,Express,San Borja,AB,844898.85,591821.65,253077.19,43535.69,32904,14980.19,14722.1,2658.43,2472.83,2450.36,2147.25,39431.16,170110.34,29.95,5.15,20.13
2022-09-01,2022,9,T06,ABC Barranco,Express,Barranco,BC,691044.62,489483.78,201560.84,44127.42,41538,16545.55,13392.3,5192.24,2072.71,2375.75,1928.1,41506.65,115926.76999999999,29.17,6.39,16.78
2022-09-01,2022,9,T07,ABC Pueblo Libre,Supermarket,Pueblo Libre,BC,1475206.1,1043257.14,431948.95,91001.94,77715,44704.97,24618.17,8387.53,6460.92,2113.99,2019.57,88305.14,252641.87,29.28,6.17,17.13
2022-09-01,2022,9,T08,ABC Jesus Maria,Supermarket,Jesus Maria,BC,1414529.16,987395.05,427134.07999999996,83150.76,80023,41266.88,22702.68,8736.16,6362.46,2311.26,1112.9,82492.34,261490.97999999995,30.2,5.88,18.49
2022-09-01,2022,9,T09,ABC Lince,Express,Lince,BC,721465.37,505447.37,216018.01,40818.9,32134,17096.99,14433.37,4685.15,3601.61,1725.09,1693.06,43235.27,131963.84000000003,29.94,5.66,18.29
2022-09-01,2022,9,T10,ABC San Miguel,Supermarket,San Miguel,BC,1624307.46,1171490.8699999999,452816.56,89652.15,90232,41777.16,23670.85,10496.11,5440.62,2297.34,1872.29,85554.36,277610.05000000005,27.88,5.52,17.09
2022-10-01,2022,10,T01,ABC Miraflores,Express,Miraflores,AB,942651.39,668825.67,273825.72,55850.74,43163,18874.53,11023.41,3590.13,3463.99,2567.41,1397.83,40917.31,177057.66999999998,29.05,5.92,18.78
2022-10-01,2022,10,T02,ABC San Isidro,Express,San Isidro,AB,929022.82,661449.74,267573.07,51746.87,36830,16065.46,14382.44,3033.33,3198.02,3112.41,2313.76,42105.41,173720.79,28.8,5.57,18.7
2022-10-01,2022,10,T03,ABC Surco,Supermarket,Surco,AB,1979275.9000000001,1399483.76,579792.1,112265.22,85463,42514.26,21055.2,9912.75,8045.67,1828.05,1209.31,84565.25,382961.63,29.29,5.67,19.35
2022-10-01,2022,10,T04,ABC La Molina,Supermarket,La Molina,AB,1844658.0,1306892.5,537765.49,113617.64,78975,44499.81,23110.04,6965.34,6487.41,1622.41,2259.8,84944.81,339203.04,29.15,6.16,18.39
2022-10-01,2022,10,T05,ABC San Borja,Express,San Borja,AB,791474.75,547287.62,244187.14,42746.47,25745,15284.47,13119.74,3256.92,2964.16,3040.34,1000.82,38666.46,162774.21000000002,30.85,5.4,20.57
2022-10-01,2022,10,T06,ABC Barranco,Express,Barranco,BC,787932.45,545205.97,242726.5,48990.49,33739,19267.22,13308.36,3093.88,3248.16,1582.3,1723.7,42223.63,151512.38,30.81,6.22,19.23
2022-10-01,2022,10,T07,ABC Pueblo Libre,Supermarket,Pueblo Libre,BC,1724485.1,1199144.32,525340.78,104154.11,85342,47629.36,24421.8,6679.59,6459.77,2447.45,2250.11,89888.08,331298.59,30.46,6.04,19.21
2022-10-01,2022,10,T08,ABC Jesus Maria,Supermarket,Jesus Maria,BC,1695496.99,1201587.51,493909.48,92638.72,80957,48783.8,20464.48,7277.22,8036.2,1973.12,1224.07,87758.89,313511.87,29.13,5.46,18.49
2022-10-01,2022,10,T09,ABC Lince,Express,Lince,BC,727543.47,516559.6,210983.86000000002,41343.65,31413,19740.0,14362.68,4979.52,2042.12,1925.71,2019.49,45069.52,124570.69000000003,29.0,5.68,17.12
2022-10-01,2022,10,T10,ABC San Miguel,Supermarket,San Miguel,BC,1620202.01,1142617.07,477584.92,101554.69,76902,48433.22,26413.93,7577.8,6448.3,3238.88,1894.66,94006.79,282023.44,29.48,6.27,17.41
2022-11-01,2022,11,T01,ABC Miraflores,Express,Miraflores,AB,958585.28,679553.22,279032.08,62002.39,41186,18015.57,10584.71,5117.43,2647.0,2085.57,1836.94,40287.21,176742.48,29.11,6.47,18.44
2022-11-01,2022,11,T02,ABC San Isidro,Express,San Isidro,AB,1066225.77,762875.61,303350.18,67936.69,47271,18715.58,11438.75,3739.51,3005.66,3189.34,2485.79,42574.64,192838.84999999998,28.45,6.37,18.09
2022-11-01,2022,11,T03,ABC Surco,Supermarket,Surco,AB,1978184.02,1425304.46,552879.56,107772.8,66843,44278.07,24682.29,8114.33,5993.4,2942.03,1029.26,87039.38,358067.38000000006,27.95,5.45,18.1
2022-11-01,2022,11,T04,ABC La Molina,Supermarket,La Molina,AB,2171662.1799999997,1538076.05,633586.12,136667.04,64592,39541.0,23796.15,7638.01,6653.09,1569.84,1169.5,80367.58,416551.49999999994,29.18,6.29,19.18
2022-11-01,2022,11,T05,ABC San Borja,Express,San Borja,AB,1061018.99,737521.03,323497.97,54806.08,52133,18617.44,12595.86,4910.24,2189.61,1961.85,2378.4,42653.4,226038.48999999996,30.49,5.17,21.3
2022-11-01,2022,11,T06,ABC Barranco,Express,Barranco,BC,896735.88,635569.47,261166.39,49756.95,35042,16056.32,15247.75,2941.97,3110.85,1586.53,1725.92,40669.34,170740.1,29.12,5.55,19.04
2022-11-01,2022,11,T07,ABC Pueblo Libre,Supermarket,Pueblo Libre,BC,1799828.77,1266401.18,533427.5900000001,95771.88,85720,47800.88,28187.7,8416.58,7812.96,3137.0,1561.34,96916.45,340739.26000000007,29.64,5.32,18.93
2022-11-01,2022,11,T08,ABC Jesus Maria,Supermarket,Jesus Maria,BC,1761149.43,1264304.0,496845.44,97101.73999999999,74084,42298.09,19851.44,6165.52,7201.38,1733.66,2365.24,79615.33,320128.37,28.21,5.51,18.18
2022-11-01,2022,11,T09,ABC Lince,Express,Lince,BC,881895.14,615690.81,266204.32,50632.03,43287,17822.14,12637.32,3841.99,2565.08,2350.94,1267.39,40484.86,175087.43,30.19,5.74,19.85
2022-11-01,2022,11,T10,ABC San Miguel,Supermarket,San Miguel,BC,2010978.49,1411169.46,599809.01,112843.23999999999,106354,51933.84,21145.28,8688.54,5393.73,1930.91,1952.8,91045.1,395920.67000000004,29.83,5.61,19.69
2022-12-01,2022,12,T01,ABC Miraflores,Express,Miraflores,AB,1212048.25,853984.9400000001,358063.3,69563.65,69578,18174.42,12653.93,2676.44,2922.86,2460.8,1583.2,40471.64,248028.01,29.54,5.74,20.46
2022-12-01,2022,12,T02,ABC San Isidro,Express,San Isidro,AB,1254052.46,892638.8099999999,361413.66000000003,65577.75,56947,17491.57,13855.2,3446.77,3114.71,2701.56,1489.39,42099.2,253736.71000000002,28.82,5.23,20.23
2022-12-01,2022,12,T03,ABC Surco,Supermarket,Surco,AB,2603350.07,1859712.3,743637.77,148540.62,110633,39369.62,26999.21,6651.51,4962.16,1512.21,2245.66,81740.37,513356.78,28.56,5.71,19.72
2022-12-01,2022,12,T04,ABC La Molina,Supermarket,La Molina,AB,2390453.5,1644840.6,745612.9099999999,153006.56,92572,52608.03,22115.98,9334.73,4933.55,1832.45,2243.35,93068.09,499538.2599999999,31.19,6.4,20.9
2022-12-01,2022,12,T05,ABC San Borja,Express,San Borja,AB,1200134.38,845262.04,354872.36,66763.42,40154,19552.29,10776.15,4526.66,2719.05,2816.82,2419.76,42810.73,245298.21,29.57,5.56,20.44
2022-12-01,2022,12,T06,ABC Barranco,Express,Barranco,BC,1024451.52,727314.58,297136.95,56761.28,37999,19730.86,10833.15,4464.54,2870.99,3346.27,1960.14,43205.94,197169.73,29.0,5.54,19.25
2022-12-01,2022,12,T07,ABC Pueblo Libre,Supermarket,Pueblo Libre,BC,2478049.4,1783988.48,694060.93,141116.74,114002,47511.04,23716.16,6248.09,7178.22,2572.14,1818.37,89044.02,463900.17000000004,28.01,5.69,18.72
2022-12-01,2022,12,T08,ABC Jesus Maria,Supermarket,Jesus Maria,BC,2275845.06,1600649.46,675195.6,132021.88,121882,41643.98,22653.2,7133.32,6784.18,2608.29,1256.45,82079.42,461094.3,29.67,5.8,20.26
2022-12-01,2022,12,T09,ABC Lince,Express,Lince,BC,1110036.17,766004.79,344031.38,64504.56999999999,65879,17740.46,11995.84,4371.3,2625.24,2925.61,1468.94,41127.38,238399.43,30.99,5.81,21.48
2022-12-01,2022,12,T10,ABC San Miguel,Supermarket,San Miguel,BC,2339425.16,1656728.1300000001,682697.01,128169.78,116488,44065.54,28395.24,7169.54,5541.39,1668.07,1099.84,87939.61,466587.62,29.18,5.48,19.94
2023-01-01,2023,1,T01,ABC Miraflores,Express,Miraflores,AB,796997.03,554899.73,242097.31,43910.85,31277,16377.83,11078.58,4814.37,2041.97,2117.03,1139.12,37568.9,160617.56,30.38,5.51,20.15
2023-01-01,2023,1,T02,ABC San Isidro,Express,San Isidro,AB,744996.19,533056.4500000001,211939.72,41914.92,30064,17026.07,12365.72,3826.2,3441.14,2777.26,1534.93,40971.32,129053.47999999998,28.45,5.63,17.32
2023-01-01,2023,1,T03,ABC Surco,Supermarket,Surco,AB,1656244.7,1194260.66,461984.05,89967.49,78954,40211.45,24193.75,8256.19,7060.57,2964.5,1168.2,83854.66,288161.9,27.89,5.43,17.4
2023-01-01,2023,1,T04,ABC La Molina,Supermarket,La Molina,AB,1745825.18,1252400.08,493425.08999999997,97335.41,84214,50082.19,24408.24,7324.6,5266.14,3111.56,1856.61,92049.34,304040.33999999997,28.26,5.58,17.42
2023-01-01,2023,1,T05,ABC San Borja,Express,San Borja,AB,761551.88,539587.34,221964.53,50374.92,28038,15589.26,12275.53,4943.39,2346.19,2166.74,1732.5,39053.6,132536.00999999998,29.15,6.61,17.4
2023-01-01,2023,1,T06,ABC Barranco,Express,Barranco,BC,729110.94,509268.16,219842.76,43368.3,39495,17523.17,11936.67,2924.51,2374.66,1666.29,2181.27,38606.58,137867.88,30.15,5.95,18.91
2023-01-01,2023,1,T07,ABC Pueblo Libre,Supermarket,Pueblo Libre,BC,1416774.69,1008875.7,407899.0,75700.33,73807,48543.1,22331.2,8879.27,7769.7,3460.81,1640.69,92624.76,239573.90999999997,28.79,5.34,16.91
2023-01-01,2023,1,T08,ABC Jesus Maria,Supermarket,Jesus Maria,BC,1425247.85,989747.33,435500.52,98840.94,64704,38632.44,24531.87,8288.72,4759.08,3327.22,1102.48,80641.81,256017.77000000002,30.56,6.94,17.96
2023-01-01,2023,1,T09,ABC Lince,Express,Lince,BC,706831.94,498343.23,208488.71,43051.77,23102,19025.18,13237.15,3835.57,1968.8,3154.42,1652.19,42873.32,122563.62,29.5,6.09,17.34
2023-01-01,2023,1,T10,ABC San Miguel,Supermarket,San Miguel,BC,1633617.49,1143610.63,490006.85,88127.88,75479,42873.14,20671.7,6380.31,5852.94,2111.46,1490.07,79379.62,322499.35,30.0,5.39,19.74
2023-02-01,2023,2,T01,ABC Miraflores,Express,Miraflores,AB,769354.29,533709.72,235644.58000000002,44426.74,35245,18328.53,15491.46,4495.24,2891.13,3111.55,1767.79,46085.7,145132.14,30.63,5.77,18.86
2023-02-01,2023,2,T02,ABC San Isidro,Express,San Isidro,AB,770500.47,557874.15,212626.3,45901.98,29541,15085.03,13664.16,2879.19,2778.47,2456.73,1438.81,38302.38,128421.93999999997,27.6,5.96,16.67
2023-02-01,2023,2,T03,ABC Surco,Supermarket,Surco,AB,1676241.96,1173927.26,502314.7,81868.59,66177,51507.45,24739.29,9370.19,5842.91,2257.8,1243.88,94961.52,325484.58999999997,29.97,4.88,19.42
2023-02-01,2023,2,T04,ABC La Molina,Supermarket,La Molina,AB,1518183.64,1087606.68,430576.95,94075.4,48667,50585.88,25604.29,5752.64,5307.09,1919.8,1594.08,90763.79,245737.76000000007,28.36,6.2,16.19
2023-02-01,2023,2,T05,ABC San Borja,Express,San Borja,AB,706142.06,489741.0,216401.07,42994.630000000005,26750,17903.89,13720.01,4910.51,3176.75,2360.02,2457.5,44528.69,128877.75,30.65,6.09,18.25
2023-02-01,2023,2,T06,ABC Barranco,Express,Barranco,BC,690202.06,487692.68,202509.36,40388.67,40710,16476.26,13891.61,4095.3,3491.08,2878.99,1168.25,42001.48,120119.20999999999,29.34,5.85,17.4
2023-02-01,2023,2,T07,ABC Pueblo Libre,Supermarket,Pueblo Libre,BC,1420079.76,999719.41,420360.36,85990.68000000001,65233,46354.34,25278.61,7990.33,6388.63,2562.58,1350.93,89925.42,244444.26,29.6,6.06,17.21
2023-02-01,2023,2,T08,ABC Jesus Maria,Supermarket,Jesus Maria,BC,1300851.71,916354.3200000001,384497.4,77476.05,80865,52451.69,26729.24,6284.12,6902.3,2580.61,1614.4,96562.35,210459.00000000003,29.56,5.96,16.18
2023-02-01,2023,2,T09,ABC Lince,Express,Lince,BC,686991.64,484199.58999999997,202792.01,41082.66,32328,17523.54,15380.53,3042.52,2524.88,2053.87,2406.82,42932.16,118777.19,29.52,5.98,17.29
2023-02-01,2023,2,T10,ABC San Miguel,Supermarket,San Miguel,BC,1353008.52,935434.01,417574.52999999997,74792.61,69077,50087.63,22873.85,9455.85,7698.82,2839.98,2086.3,95042.43,247739.49,30.86,5.53,18.31
2023-03-01,2023,3,T01,ABC Miraflores,Express,Miraflores,AB,866888.85,615658.81,251230.03,51428.73,32814,17948.76,13025.79,4058.7,3659.84,3147.77,2334.75,44175.61,155625.69,28.98,5.93,17.95
2023-03-01,2023,3,T02,ABC San Isidro,Express,San Isidro,AB,900112.0700000001,630378.26,269733.81,50641.06,29225,16468.5,14398.26,3506.18,2963.8,3390.9,2112.85,42840.49,176252.26,29.97,5.63,19.58
2023-03-01,2023,3,T03,ABC Surco,Supermarket,Surco,AB,1670034.4,1206532.49,463501.92,89669.39,76134,51306.4,20566.23,6174.68,5836.48,2667.61,2096.69,88648.1,285184.42999999993,27.75,5.37,17.08
2023-03-01,2023,3,T04,ABC La Molina,Supermarket,La Molina,AB,1774702.69,1260856.22,513846.43,99668.34,98297,47724.12,28494.4,9966.93,7446.3,3140.0,1448.86,98220.61,315957.48,28.95,5.62,17.8
2023-03-01,2023,3,T05,ABC San Borja,Express,San Borja,AB,909334.91,650202.49,259132.43,58184.85,34361,17701.95,14041.54,4958.99,2831.11,1663.9,1021.58,42219.07,158728.50999999998,28.5,6.4,17.46
2023-03-01,2023,3,T06,ABC Barranco,Express,Barranco,BC,788183.91,559183.52,229000.38,42208.270000000004,34690,16466.01,13745.29,3378.05,3832.7,3350.88,2216.33,42989.25,143802.86,29.05,5.36,18.24
2023-03-01,2023,3,T07,ABC Pueblo Libre,Supermarket,Pueblo Libre,BC,1267754.06,905272.26,362481.8,72653.02,70147,50497.81,27534.71,6513.0,6060.18,3247.7,1784.61,95638.0,194190.77999999997,28.59,5.73,15.32
2023-03-01,2023,3,T08,ABC Jesus Maria,Supermarket,Jesus Maria,BC,1411534.03,978522.69,433011.33999999997,84025.7,79530,44378.21,24990.55,5848.2,6990.78,2776.39,1314.88,86299.01,262686.62999999995,30.68,5.95,18.61
2023-03-01,2023,3,T09,ABC Lince,Express,Lince,BC,712677.15,513603.08,199074.06,41077.9,31215,17482.63,14610.27,4807.2,2172.45,1663.83,1368.64,42105.02,115891.14000000001,27.93,5.76,16.26
2023-03-01,2023,3,T10,ABC San Miguel,Supermarket,San Miguel,BC,1509266.15,1067505.31,441760.83999999997,87367.14,61613,53508.79,24693.56,8309.36,5164.16,3332.87,1864.66,96873.4,257520.29999999996,29.27,5.79,17.06
2023-04-01,2023,4,T01,ABC Miraflores,Express,Miraflores,AB,863771.8300000001,630330.26,233441.62,48100.270000000004,38016,19802.94,10929.38,4666.81,3230.55,3232.93,2265.57,44128.18,141213.16999999998,27.03,5.57,16.35
2023-04-01,2023,4,T02,ABC San Isidro,Express,San Isidro,AB,837654.69,584566.07,253088.63,51664.05,26500,17963.54,15084.37,4766.83,2818.33,2654.18,1555.61,44842.86,156581.72000000003,30.21,6.17,18.69
2023-04-01,2023,4,T03,ABC Surco,Supermarket,Surco,AB,1570059.07,1112267.1600000001,457791.93,83338.74,71114,40807.59,28159.31,10392.9,6420.06,1942.02,2183.98,89905.86,284547.33,29.16,5.31,18.12
2023-04-01,2023,4,T04,ABC La Molina,Supermarket,La Molina,AB,1803486.29,1280404.77,523081.51,98708.73999999999,58418,39907.9,27855.77,7090.64,6093.6,3001.72,2131.82,86081.44,338291.33,29.0,5.47,18.76
2023-04-01,2023,4,T05,ABC San Borja,Express,San Borja,AB,795596.69,574456.01,221140.69,42835.53,33857,17331.14,14595.21,4598.89,3254.43,1890.32,2010.0,43679.98,134625.18,27.8,5.38,16.92
2023-04-01,2023,4,T06,ABC Barranco,Express,Barranco,BC,701004.28,496834.92,204169.35,38030.28,26804,14731.45,14572.05,2916.84,2420.21,2668.99,1015.65,38325.19,127813.88,29.13,5.43,18.23
2023-04-01,2023,4,T07,ABC Pueblo Libre,Supermarket,Pueblo Libre,BC,1476948.16,1044632.91,432315.23,87672.35,53648,53302.27,25077.42,10005.29,8038.27,2114.75,1969.48,100507.47,244135.41,29.27,5.94,16.53
2023-04-01,2023,4,T08,ABC Jesus Maria,Supermarket,Jesus Maria,BC,1505632.47,1063147.61,442484.86,93971.18,93723,43386.64,21221.59,9306.94,4221.16,1618.14,1796.68,81551.16,266962.52,29.39,6.24,17.73
2023-04-01,2023,4,T09,ABC Lince,Express,Lince,BC,735194.87,526132.07,209062.83,40663.28,32877,19445.43,14840.49,4824.52,3348.5,1585.43,1491.61,45535.98,122863.56999999998,28.44,5.53,16.71
2023-04-01,2023,4,T10,ABC San Miguel,Supermarket,San Miguel,BC,1593638.23,1138585.43,455052.81,86585.0,59333,52081.55,22890.68,9259.02,4886.67,1639.36,1514.88,92272.15,276195.66000000003,28.55,5.43,17.33
2023-05-01,2023,5,T01,ABC Miraflores,Express,Miraflores,AB,822352.66,581519.2,240833.47,46514.240000000005,28634,18766.33,14787.08,3890.09,2689.27,2304.11,2372.52,44809.41,149509.81999999998,29.29,5.66,18.18
2023-05-01,2023,5,T02,ABC San Isidro,Express,San Isidro,AB,865891.47,602530.3,263361.18,51286.37,38719,15137.14,14298.48,3925.11,3119.19,2636.7,1313.48,40430.09,171644.72,30.42,5.92,19.82
2023-05-01,2023,5,T03,ABC Surco,Supermarket,Surco,AB,1632999.59,1124206.42,508793.19,103397.36,58383,42431.36,25883.91,9203.3,6587.86,2589.11,2463.14,89158.67,316237.16000000003,31.16,6.33,19.37
2023-05-01,2023,5,T04,ABC La Molina,Supermarket,La Molina,AB,1949027.87,1361656.13,587371.73,119472.42,62103,53798.68,27972.89,7723.09,5535.21,3411.25,1675.54,100116.67,367782.64,30.14,6.13,18.87
2023-05-01,2023,5,T05,ABC San Borja,Express,San Borja,AB,915232.57,629433.45,285799.12,61343.72,50470,16119.99,14098.89,4838.01,3549.8,1978.82,1731.02,42316.52,182138.88,31.23,6.7,19.9
2023-05-01,2023,5,T06,ABC Barranco,Express,Barranco,BC,717541.91,522047.08,195494.82,38996.04,23973,15765.62,12564.88,4880.77,2147.46,2080.35,1589.33,39028.42,117470.36,27.25,5.43,16.37
2023-05-01,2023,5,T07,ABC Pueblo Libre,Supermarket,Pueblo Libre,BC,1573962.6400000001,1098686.41,475276.22,93600.48,91408,49191.43,20484.17,6123.73,6107.64,1979.97,1729.24,85616.17,296059.57,30.2,5.95,18.81
2023-05-01,2023,5,T08,ABC Jesus Maria,Supermarket,Jesus Maria,BC,1616466.45,1137828.29,478638.16,91954.87,84028,45757.5,28101.35,8341.39,5758.39,3031.42,1567.32,92557.37,294125.92,29.61,5.69,18.2
2023-05-01,2023,5,T09,ABC Lince,Express,Lince,BC,747559.65,510482.64,237077.02,45767.03,32268,14701.73,15428.53,3366.96,2966.42,2255.42,1382.33,40101.39,151208.59999999998,31.71,6.12,20.23
2023-05-01,2023,5,T10,ABC San Miguel,Supermarket,San Miguel,BC,1692318.92,1211072.45,481246.47,86827.18000000001,78310,39749.51,26691.05,7625.93,4191.6,1709.69,2498.76,82466.53,311952.76,28.44,5.13,18.43
2023-06-01,2023,6,T01,ABC Miraflores,Express,Miraflores,AB,885287.5,629076.03,256211.45,44201.990000000005,45190,17455.83,15603.54,4249.98,2349.24,2570.83,2227.2,44456.62,167552.84000000003,28.94,4.99,18.93
2023-06-01,2023,6,T02,ABC San Isidro,Express,San Isidro,AB,908566.7,650916.44,257650.26,50432.33,42125,20150.5,12882.22,3290.56,3851.86,3426.67,1056.21,44658.03,162559.9,28.36,5.55,17.89
2023-06-01,2023,6,T03,ABC Surco,Supermarket,Surco,AB,1839129.85,1305905.49,533224.38,105844.6,51073,49243.24,25210.75,6130.99,8019.52,1516.55,1214.06,91335.11,336044.67000000004,28.99,5.76,18.27
2023-06-01,2023,6,T04,ABC La Molina,Supermarket,La Molina,AB,2045149.07,1469691.55,575457.54,121212.43000000001,75988,45365.34,24042.47,10441.59,6111.9,1704.9,1950.64,89616.83,364628.28,28.14,5.93,17.83
2023-06-01,2023,6,T05,ABC San Borja,Express,San Borja,AB,965211.4,681568.88,283642.53,55754.95,44382,18720.63,13102.74,3975.06,3079.07,2683.96,2191.37,43752.83,184134.75,29.39,5.78,19.08
2023-06-01,2023,6,T06,ABC Barranco,Express,Barranco,BC,772889.77,554405.84,218483.93,42889.19,37627,20194.81,13718.76,4095.35,2037.56,2490.59,1390.19,43927.27,131667.47,28.27,5.55,17.04
2023-06-01,2023,6,T07,ABC Pueblo Libre,Supermarket,Pueblo Libre,BC,1649521.12,1184112.5,465408.61,103262.98999999999,43592,50593.35,28684.19,10045.44,6588.12,2884.11,1005.39,99800.6,262345.02,28.21,6.26,15.9
2023-06-01,2023,6,T08,ABC Jesus Maria,Supermarket,Jesus Maria,BC,1671695.51,1153552.9100000001,518142.6,95048.31,84529,41543.1,24824.52,9523.07,5176.79,2727.33,1681.52,85476.33,337617.95999999996,31.0,5.69,20.2
2023-06-01,2023,6,T09,ABC Lince,Express,Lince,BC,682782.97,479235.33,203547.63,39343.35,32458,16323.05,12429.54,5098.38,2168.18,2913.82,2246.74,41179.72,123024.56,29.81,5.76,18.02
2023-06-01,2023,6,T10,ABC San Miguel,Supermarket,San Miguel,BC,1552789.1800000002,1112047.52,440741.65,94296.25,67772,50760.35,25124.28,10220.89,4599.93,2481.92,1680.27,94867.63,251577.77000000002,28.38,6.07,16.2
2023-07-01,2023,7,T01,ABC Miraflores,Express,Miraflores,AB,966000.34,679425.33,286575.01,56964.4,43964,20050.45,10922.36,5116.37,3521.79,3419.71,2477.68,45508.36,184102.25,29.67,5.9,19.06
2023-07-01,2023,7,T02,ABC San Isidro,Express,San Isidro,AB,902658.91,651839.85,250819.09,57611.53,33306,19462.06,14638.4,4781.77,3550.48,3051.32,2148.5,47632.54,145575.02,27.79,6.38,16.13
2023-07-01,2023,7,T03,ABC Surco,Supermarket,Surco,AB,1878142.79,1333967.22,544175.57,102820.51000000001,73754,39550.28,22944.39,6524.63,6090.7,2545.43,1097.51,78752.95,362602.1099999999,28.97,5.47,19.31
2023-07-01,2023,7,T04,ABC La Molina,Supermarket,La Molina,AB,2095629.78,1488835.9100000001,606793.86,120506.43,94292,46700.26,25224.93,7793.21,7077.02,3423.6,1333.67,91552.69,394734.74,28.96,5.75,18.84
2023-07-01,2023,7,T05,ABC San Borja,Express,San Borja,AB,943070.88,679978.75,263092.16,50920.23,39383,16178.97,12857.54,4578.55,2826.54,3158.8,1141.44,40741.84,171430.08999999997,27.9,5.4,18.18
2023-07-01,2023,7,T06,ABC Barranco,Express,Barranco,BC,782826.87,545520.54,237306.36,50141.880000000005,29168,19039.69,13868.65,4218.99,2169.8,3403.03,1289.5,43989.66,143174.81999999998,30.31,6.41,18.29
2023-07-01,2023,7,T07,ABC Pueblo Libre,Supermarket,Pueblo Libre,BC,1853253.51,1316852.96,536400.54,100473.39,92357,51887.38,28270.89,10634.35,4804.47,1755.43,1199.86,98552.39,337374.76,28.94,5.42,18.2
2023-07-01,2023,7,T08,ABC Jesus Maria,Supermarket,Jesus Maria,BC,1733402.97,1215335.51,518067.46,105294.11,68858,43129.03,21648.97,5613.4,5110.96,2810.42,1255.58,79568.36,333204.99000000005,29.89,6.07,19.22
2023-07-01,2023,7,T09,ABC Lince,Express,Lince,BC,734307.54,517157.6,217149.92,46774.67,26984,19941.71,15329.23,4189.15,3362.11,2212.2,1692.74,46727.15,123648.1,29.57,6.37,16.84
2023-07-01,2023,7,T10,ABC San Miguel,Supermarket,San Miguel,BC,1732067.46,1226546.72,505520.75,85229.62,83194,39116.7,27189.38,5757.94,4279.22,2880.28,2034.2,81257.72,339033.41000000003,29.19,4.92,19.57
2023-08-01,2023,8,T01,ABC Miraflores,Express,Miraflores,AB,855327.46,603230.01,252097.45,42298.72,36070,19838.62,12188.35,4069.07,2261.14,2242.46,2171.17,42770.81,167027.92,29.47,4.95,19.53
2023-08-01,2023,8,T02,ABC San Isidro,Express,San Isidro,AB,960846.96,696265.87,264581.09,53852.54,46450,19846.48,14061.47,2754.69,2891.31,2732.25,1148.19,43434.38,167294.17,27.54,5.6,17.41
2023-08-01,2023,8,T03,ABC Surco,Supermarket,Surco,AB,1980125.09,1398648.57,581476.49,121237.98,104763,49097.25,21438.86,9453.53,6253.14,2431.23,1881.07,90555.08,369683.43,29.37,6.12,18.67
2023-08-01,2023,8,T04,ABC La Molina,Supermarket,La Molina,AB,2018920.89,1398673.9,620246.99,120382.70999999999,60838,50680.73,24534.08,9419.81,8031.0,3231.1,1861.5,97758.22,402106.06000000006,30.72,5.96,19.92
2023-08-01,2023,8,T05,ABC San Borja,Express,San Borja,AB,893352.67,646516.1900000001,246836.5,48691.35,47318,16070.5,11710.62,2803.13,2917.22,2097.09,1216.23,36814.79,161330.36,27.63,5.45,18.06
2023-08-01,2023,8,T06,ABC Barranco,Express,Barranco,BC,779042.92,566361.1,212681.83,44386.75,35617,16575.11,12152.53,4914.19,3209.09,1927.97,1628.82,40407.71,127887.37,27.3,5.7,16.42
2023-08-01,2023,8,T07,ABC Pueblo Libre,Supermarket,Pueblo Libre,BC,1780732.37,1269135.8900000001,511596.48,101551.82,75475,40851.28,27849.94,5678.74,4829.3,2265.14,1647.43,83121.83,326922.82999999996,28.73,5.7,18.36
2023-08-01,2023,8,T08,ABC Jesus Maria,Supermarket,Jesus Maria,BC,1695798.76,1197845.97,497952.78,91206.20999999999,70407,49931.39,22101.25,7964.41,4654.7,2298.71,2041.69,88992.15,317754.42000000004,29.36,5.38,18.74
2023-08-01,2023,8,T09,ABC Lince,Express,Lince,BC,768667.5,541177.79,227489.72,47657.48,26635,15863.42,15530.16,2993.76,2018.54,2689.11,2169.15,41264.14,138568.09999999998,29.6,6.2,18.03
2023-08-01,2023,8,T10,ABC San Miguel,Supermarket,San Miguel,BC,1614709.59,1149778.78,464930.79000000004,97266.85,80512,42865.17,28457.55,7636.16,4598.94,2642.48,1294.89,87495.2,280168.74000000005,28.79,6.02,17.35
2023-09-01,2023,9,T01,ABC Miraflores,Express,Miraflores,AB,966976.96,685817.12,281159.82,61538.43,49803,20632.79,13759.38,2625.94,2856.45,2709.83,1045.04,43629.43,175991.96000000002,29.08,6.36,18.2
2023-09-01,2023,9,T02,ABC San Isidro,Express,San Isidro,AB,872966.49,622314.22,250652.28,51095.5,33478,15486.24,12043.41,3467.2,3505.99,3431.39,1039.0,38973.23,160583.55,28.71,5.85,18.4
2023-09-01,2023,9,T03,ABC Surco,Supermarket,Surco,AB,1849362.18,1294754.14,554608.04,110840.9,78124,46577.89,25852.54,5883.17,7098.17,1569.21,1677.21,88658.19,355108.95,29.99,5.99,19.2
2023-09-01,2023,9,T04,ABC La Molina,Supermarket,La Molina,AB,1770198.97,1235189.7,535009.26,93887.54000000001,66463,41841.34,21108.13,8318.89,5591.73,1582.51,1763.97,80206.58,360915.13999999996,30.22,5.3,20.39
2023-09-01,2023,9,T05,ABC San Borja,Express,San Borja,AB,968132.14,678460.26,289671.87,50320.32,32329,20192.29,14121.22,3888.6,2311.99,1549.9,2235.44,44299.44,195052.11,29.92,5.2,20.15
2023-09-01,2023,9,T06,ABC Barranco,Express,Barranco,BC,808905.68,565261.12,243644.58000000002,49781.14,35689,16801.33,15468.58,4611.03,3399.79,3084.69,2498.19,45863.62,147999.82,30.12,6.15,18.3
2023-09-01,2023,9,T07,ABC Pueblo Libre,Supermarket,Pueblo Libre,BC,1680322.26,1189919.57,490402.69,103733.15,85116,41066.11,21652.01,9761.81,7955.87,2447.92,1009.43,83893.17,302776.37000000005,29.19,6.17,18.02
2023-09-01,2023,9,T08,ABC Jesus Maria,Supermarket,Jesus Maria,BC,1733539.29,1190724.18,542815.1,110428.7,113816,43360.5,22380.25,5690.49,8012.4,3150.11,2139.36,84733.11,347653.29,31.31,6.37,20.05
2023-09-01,2023,9,T09,ABC Lince,Express,Lince,BC,808386.02,575030.66,233355.36000000002,50389.509999999995,36631,16663.65,14784.56,4946.22,2308.15,1788.45,1971.92,42462.95,140502.90000000002,28.87,6.23,17.38
2023-09-01,2023,9,T10,ABC San Miguel,Supermarket,San Miguel,BC,1596978.11,1129476.25,467501.87,88949.64,62169,39563.07,23293.58,6559.24,6430.24,3010.66,1212.87,80069.66,298482.56999999995,29.27,5.57,18.69
2023-10-01,2023,10,T01,ABC Miraflores,Express,Miraflores,AB,948606.26,679417.56,269188.69,52913.11,28000,19363.85,15541.61,4499.11,3087.52,2110.18,2234.94,46837.2,169438.38,28.38,5.58,17.86
2023-10-01,2023,10,T02,ABC San Isidro,Express,San Isidro,AB,994962.42,705772.85,289189.57,56964.82000000001,50336,19754.82,13209.6,3068.77,3153.2,1916.49,1273.95,42376.82,189847.93,29.07,5.73,19.08
2023-10-01,2023,10,T03,ABC Surco,Supermarket,Surco,AB,1935202.84,1371832.79,563370.05,120271.93,72752,49612.79,23394.81,5909.62,7787.94,2440.65,1118.35,90264.17,352833.95000000007,29.11,6.21,18.23
2023-10-01,2023,10,T04,ABC La Molina,Supermarket,La Molina,AB,2074777.04,1506525.6,568251.4199999999,118935.9,92195,46834.36,27755.31,9289.08,4147.63,3441.35,1200.9,92668.64,356646.8799999999,27.39,5.73,17.19
2023-10-01,2023,10,T05,ABC San Borja,Express,San Borja,AB,969290.54,686461.58,282828.93,58233.31,28715,20654.45,14989.68,3533.63,3003.1,1723.89,1055.58,44960.34,179635.28,29.18,6.01,18.53
2023-10-01,2023,10,T06,ABC Barranco,Express,Barranco,BC,788719.88,554063.91,234655.98,40870.1,28887,15609.17,13716.89,2887.14,3812.41,2574.05,2383.28,40982.94,152802.94,29.75,5.18,19.37
2023-10-01,2023,10,T07,ABC Pueblo Libre,Supermarket,Pueblo Libre,BC,1693503.39,1222206.22,471297.17,94477.74,82469,40916.93,27634.23,8318.66,5688.64,3014.9,1428.3,87001.67,289817.76,27.83,5.58,17.11
2023-10-01,2023,10,T08,ABC Jesus Maria,Supermarket,Jesus Maria,BC,1872542.92,1354231.62,518311.32,106666.48,90731,49061.59,25107.62,7633.57,5989.83,2355.92,2318.21,92466.74,319178.10000000003,27.68,5.7,17.05
2023-10-01,2023,10,T09,ABC Lince,Express,Lince,BC,814318.86,563471.21,250847.63,47849.54,40886,20850.0,14219.02,2929.94,2854.04,3498.25,2361.78,46713.05,156285.03999999998,30.8,5.88,19.19
2023-10-01,2023,10,T10,ABC San Miguel,Supermarket,San Miguel,BC,1787935.1,1266371.56,521563.54000000004,102831.44,89386,47380.48,22608.53,7863.41,4145.72,2998.4,1657.48,86654.03,332078.07000000007,29.17,5.75,18.57
2023-11-01,2023,11,T01,ABC Miraflores,Express,Miraflores,AB,1008355.81,718124.49,290231.33,59751.82,37107,18990.32,15743.0,5139.47,2163.59,1565.06,1437.36,45038.81,185440.7,28.78,5.93,18.39
2023-11-01,2023,11,T02,ABC San Isidro,Express,San Isidro,AB,1043406.04,749485.29,293920.74,60088.240000000005,43796,20127.22,11474.29,3736.68,2035.04,2307.33,2105.47,41786.02,192046.48,28.17,5.76,18.41
2023-11-01,2023,11,T03,ABC Surco,Supermarket,Surco,AB,2318369.64,1662612.73,655756.9299999999,134157.72,108021,51757.98,28832.73,9550.09,7866.67,1903.2,1911.89,101822.56,419776.64999999997,28.29,5.79,18.11
2023-11-01,2023,11,T04,ABC La Molina,Supermarket,La Molina,AB,2250071.8,1567910.95,682160.84,125111.94,83989,51223.15,21283.41,6465.85,5370.44,1960.92,1810.5,88114.28,468934.6199999999,30.32,5.56,20.84
2023-11-01,2023,11,T05,ABC San Borja,Express,San Borja,AB,1095288.27,757903.89,337384.37,61910.45,36521,18103.24,12179.8,5055.83,2026.19,1815.44,1336.0,40516.5,234957.41999999998,30.8,5.65,21.45
2023-11-01,2023,11,T06,ABC Barranco,Express,Barranco,BC,905847.09,630932.0,274915.07,50364.95,44682,20843.52,12885.37,3313.23,2315.61,2928.83,1014.59,43301.16,181248.96,30.35,5.56,20.01
2023-11-01,2023,11,T07,ABC Pueblo Libre,Supermarket,Pueblo Libre,BC,1783584.06,1250136.31,533447.78,101893.29,90141,40687.2,21645.6,9414.79,6041.26,3377.6,1222.58,82389.03,349165.4600000001,29.91,5.71,19.58
2023-11-01,2023,11,T08,ABC Jesus Maria,Supermarket,Jesus Maria,BC,1925546.27,1348304.93,577241.31,113683.44,82620,39872.59,28545.65,5408.05,4892.96,1935.61,1091.44,81746.29,381811.5800000001,29.98,5.9,19.83
2023-11-01,2023,11,T09,ABC Lince,Express,Lince,BC,934435.76,669087.25,265348.52,51800.61,50831,15145.91,13434.38,3246.53,2518.8,2928.63,1604.96,38879.21,174668.70000000004,28.4,5.54,18.69
2023-11-01,2023,11,T10,ABC San Miguel,Supermarket,San Miguel,BC,1886666.4,1313133.47,573532.9299999999,110211.67,68620,43436.05,21127.56,5426.08,6140.44,2643.47,2167.22,80940.82,382380.43999999994,30.4,5.84,20.27
2023-12-01,2023,12,T01,ABC Miraflores,Express,Miraflores,AB,1277789.24,925631.29,352157.96,70977.1,34916,21132.62,11427.29,2909.69,3506.73,1546.29,2432.42,42955.03,238225.83,27.56,5.55,18.64
2023-12-01,2023,12,T02,ABC San Isidro,Express,San Isidro,AB,1173893.3900000001,834090.34,339803.05,78823.08,51481,20233.52,12755.49,4557.72,3174.16,3140.8,1208.3,45069.98,215909.98999999996,28.95,6.71,18.39
2023-12-01,2023,12,T03,ABC Surco,Supermarket,Surco,AB,3001769.29,2121997.25,879772.03,202952.77,129489,47676.14,28837.68,9407.69,6406.99,2563.87,2160.0,97052.37,579766.89,29.31,6.76,19.31
2023-12-01,2023,12,T04,ABC La Molina,Supermarket,La Molina,AB,2630122.12,1901934.58,728187.51,158636.72999999998,98776,51374.42,27021.14,8735.99,5622.23,2583.55,2099.58,97436.91,472113.87,27.69,6.03,17.95
2023-12-01,2023,12,T05,ABC San Borja,Express,San Borja,AB,1273430.48,904251.75,369178.74,70346.37,40431,16910.83,15806.44,5072.48,3788.47,3233.2,1821.42,46632.84,252199.53,28.99,5.52,19.8
2023-12-01,2023,12,T06,ABC Barranco,Express,Barranco,BC,1129593.26,805907.65,323685.63,68508.36,33394,17996.83,12117.19,3236.85,2048.79,3342.72,2223.9,40966.29,214210.98,28.66,6.06,18.96
2023-12-01,2023,12,T07,ABC Pueblo Libre,Supermarket,Pueblo Libre,BC,2393271.9499999997,1686341.47,706930.46,128524.85,106939,55286.07,24912.56,9095.2,5058.62,1737.48,1145.17,97235.1,481170.51,29.54,5.37,20.11
2023-12-01,2023,12,T08,ABC Jesus Maria,Supermarket,Jesus Maria,BC,2483856.3200000003,1776533.85,707322.47,123459.2,93893,53098.34,29018.33,5845.4,4439.29,3264.76,1477.51,97143.64,486719.63,28.48,4.97,19.6
2023-12-01,2023,12,T09,ABC Lince,Express,Lince,BC,1179324.78,826413.26,352911.52,69955.63,64399,19096.7,13617.58,3560.39,2455.32,2502.5,2138.84,43371.33,239584.56,29.92,5.93,20.32
2023-12-01,2023,12,T10,ABC San Miguel,Supermarket,San Miguel,BC,2474169.49,1765234.6,708934.88,130711.36,94544,55133.41,22981.69,10653.0,4815.91,2019.55,2271.8,97875.35,480348.17000000004,28.65,5.28,19.41
2024-01-01,2024,1,T01,ABC Miraflores,Express,Miraflores,AB,990290.56,699131.6,291158.98,57570.630000000005,48206,15232.37,13026.57,3442.25,2416.39,2325.75,1044.96,37488.28,196100.06999999998,29.4,5.81,19.8
2024-01-01,2024,1,T02,ABC San Isidro,Express,San Isidro,AB,943158.25,665093.13,278065.12,50053.13,43822,17109.79,16043.89,4178.74,2438.25,2664.01,2056.08,44490.76,183521.22999999998,29.48,5.31,19.46
2024-01-01,2024,1,T03,ABC Surco,Supermarket,Surco,AB,1903819.98,1325373.25,578446.77,104131.73999999999,50300,53765.44,24857.6,6200.66,4267.36,1617.12,1206.92,91915.1,382399.93000000005,30.38,5.47,20.09
2024-01-01,2024,1,T04,ABC La Molina,Supermarket,La Molina,AB,1870900.17,1326764.3,544135.87,115698.9,62756,54053.26,27648.39,9774.61,6910.68,2578.15,1137.4,102102.5,326334.47,29.08,6.18,17.44
2024-01-01,2024,1,T05,ABC San Borja,Express,San Borja,AB,778834.63,532831.03,246003.6,46906.33,20327,18233.67,15925.37,4296.81,2951.01,2692.93,2150.59,46250.37,152846.90000000002,31.59,6.02,19.63
2024-01-01,2024,1,T06,ABC Barranco,Express,Barranco,BC,750513.65,522303.18,228210.45,44463.41,38945,21029.97,11915.53,4915.78,2224.44,2561.76,1751.2,44398.67,139348.37,30.41,5.92,18.57
2024-01-01,2024,1,T07,ABC Pueblo Libre,Supermarket,Pueblo Libre,BC,1530652.99,1073008.81,457644.17,84302.87,70316,41085.11,23217.72,7153.71,4600.57,1954.8,2369.11,80381.03,292960.27,29.9,5.51,19.14
2024-01-01,2024,1,T08,ABC Jesus Maria,Supermarket,Jesus Maria,BC,1638993.91,1151508.17,487485.74,106088.23999999999,64886,50151.64,22547.46,7082.49,7901.69,1944.54,2493.62,92121.45,289276.05,29.74,6.47,17.65
2024-01-01,2024,1,T09,ABC Lince,Express,Lince,BC,700588.39,508918.73,191669.62,38569.4,32746,15264.87,12671.21,3014.62,2134.67,3043.18,2425.63,38554.17,114546.05,27.36,5.51,16.35
2024-01-01,2024,1,T10,ABC San Miguel,Supermarket,San Miguel,BC,1396461.02,984440.25,412020.76,81165.81,51767,48784.61,23892.89,8364.34,6830.81,3376.54,1942.51,93191.69,237663.26,29.5,5.81,17.02
2024-02-01,2024,2,T01,ABC Miraflores,Express,Miraflores,AB,785181.23,552495.51,232685.75,48289.6,30719,20008.5,16205.58,3499.47,1984.9,2831.12,2338.38,46867.95,137528.2,29.63,6.15,17.52
2024-02-01,2024,2,T02,ABC San Isidro,Express,San Isidro,AB,839478.3200000001,578436.91,261041.41999999998,48077.97,25019,15917.79,11304.28,3808.09,2287.14,1610.76,1639.71,36567.76,176395.68999999997,31.1,5.73,21.01
2024-02-01,2024,2,T03,ABC Surco,Supermarket,Surco,AB,1617818.71,1136225.09,481593.61,98165.54,79823,40506.17,21510.6,8432.41,6165.6,2416.56,1044.44,80075.78,303352.29000000004,29.77,6.07,18.75
2024-02-01,2024,2,T04,ABC La Molina,Supermarket,La Molina,AB,1791701.98,1248769.5899999999,542932.4,102429.34,89336,51740.12,27886.08,6349.22,8033.62,1754.3,2102.51,97865.85,342637.2100000001,30.3,5.72,19.12
2024-02-01,2024,2,T05,ABC San Borja,Express,San Borja,AB,781426.16,559658.54,221767.61,45340.490000000005,41104,20854.36,13360.29,3512.2,2193.93,2809.73,1396.74,44127.25,132299.87,28.38,5.8,16.93
2024-02-01,2024,2,T06,ABC Barranco,Express,Barranco,BC,724881.4,515812.75,209068.66,40775.350000000006,39717,18462.33,13085.01,3894.17,2787.3,3002.86,1336.58,42568.26,125725.04999999999,28.84,5.63,17.34
2024-02-01,2024,2,T07,ABC Pueblo Libre,Supermarket,Pueblo Libre,BC,1424228.38,1020102.54,404125.82,86981.04000000001,67265,53208.67,29291.42,10332.61,7103.37,2124.11,2088.11,104148.29,212996.49000000005,28.38,6.11,14.96
2024-02-01,2024,2,T08,ABC Jesus Maria,Supermarket,Jesus Maria,BC,1494717.75,1046639.61,448078.13,88032.20000000001,92970,55708.64,23636.53,6359.6,4634.52,2379.61,2481.36,95200.28,264845.65,29.98,5.89,17.72
2024-02-01,2024,2,T09,ABC Lince,Express,Lince,BC,708915.94,513278.31,195637.64,43187.81,27869,20409.29,12698.17,4745.57,1999.05,2744.08,1499.34,44095.5,108354.33000000002,27.6,6.09,15.28
2024-02-01,2024,2,T10,ABC San Miguel,Supermarket,San Miguel,BC,1397513.86,977217.08,420296.79000000004,81540.42,68333,40238.3,25507.12,9415.02,6584.98,1909.92,2097.83,85753.17,253003.20000000007,30.07,5.83,18.1
2024-03-01,2024,3,T01,ABC Miraflores,Express,Miraflores,AB,925054.98,671465.05,253589.93,48481.22,36144,18289.76,11913.5,3210.68,3038.75,2343.71,1736.75,40533.16,164575.55,27.41,5.24,17.79
2024-03-01,2024,3,T02,ABC San Isidro,Express,San Isidro,AB,969151.17,682457.58,286693.6,53448.28,52610,17788.56,12018.38,5044.52,3425.88,2998.91,1189.33,42465.58,190779.74,29.58,5.51,19.69
2024-03-01,2024,3,T03,ABC Surco,Supermarket,Surco,AB,1956533.3,1367472.81,589060.51,115726.84,80027,47687.08,29885.23,7528.9,8046.81,2518.78,2270.96,97937.75,375395.92000000004,30.11,5.91,19.19
2024-03-01,2024,3,T04,ABC La Molina,Supermarket,La Molina,AB,2044588.17,1428169.1400000001,616419.03,123573.83,61163,51631.58,24427.84,7295.84,6880.1,2300.38,1228.96,93764.71,399080.49,30.15,6.04,19.52
2024-03-01,2024,3,T05,ABC San Borja,Express,San Borja,AB,891263.15,642159.52,249103.63,47585.04,46806,16078.01,16252.42,5086.62,3161.73,2383.86,2496.68,45459.33,156059.26,27.95,5.34,17.51
2024-03-01,2024,3,T06,ABC Barranco,Express,Barranco,BC,762178.38,531219.03,230959.33000000002,43177.48,27021,20493.49,13437.14,4826.27,2475.65,2747.09,1709.96,45689.59,142092.26,30.3,5.67,18.64
2024-03-01,2024,3,T07,ABC Pueblo Libre,Supermarket,Pueblo Libre,BC,1756288.53,1279387.31,476901.23,107303.65,72821,53666.76,27082.4,8522.18,6638.4,2223.21,1054.75,99187.7,270409.87999999995,27.15,6.11,15.4
2024-03-01,2024,3,T08,ABC Jesus Maria,Supermarket,Jesus Maria,BC,1630340.33,1158076.31,472264.02,91292.63,100991,56005.27,21738.44,8155.4,6077.42,2466.75,1452.01,95895.28,285076.11,28.97,5.6,17.49
2024-03-01,2024,3,T09,ABC Lince,Express,Lince,BC,792189.53,556439.68,235749.87,41089.29,36098,16173.08,12362.6,4846.65,3532.81,2115.2,1460.86,40491.19,154169.38999999998,29.76,5.19,19.46
2024-03-01,2024,3,T10,ABC San Miguel,Supermarket,San Miguel,BC,1592468.54,1113915.76,478552.78,94705.65,78920,47049.32,27821.23,7443.38,4667.06,1720.93,1130.32,89832.23,294014.9,30.05,5.95,18.46
2024-04-01,2024,4,T01,ABC Miraflores,Express,Miraflores,AB,902832.48,631736.12,271096.33,60121.96,37047,20198.43,13389.44,3257.22,3389.6,2212.56,1535.38,43982.63,166991.74000000002,30.03,6.66,18.5
2024-04-01,2024,4,T02,ABC San Isidro,Express,San Isidro,AB,846393.97,599491.91,246902.03999999998,45695.490000000005,37122,18873.83,12033.93,5121.73,3236.85,2052.82,1424.58,42743.75,158462.8,29.17,5.4,18.72
2024-04-01,2024,4,T03,ABC Surco,Supermarket,Surco,AB,1933158.3699999999,1362553.97,570604.4,113430.91,102184,53699.16,28086.67,5945.81,6926.54,2486.12,1293.35,98437.63,358735.86,29.52,5.87,18.56
2024-04-01,2024,4,T04,ABC La Molina,Supermarket,La Molina,AB,1804608.83,1304971.24,499637.6,107618.60999999999,86827,49363.41,25815.82,7903.44,4060.21,2837.38,1350.25,91330.51,300688.48,27.69,5.96,16.66
2024-04-01,2024,4,T05,ABC San Borja,Express,San Borja,AB,922352.05,653433.18,268918.86,54444.33,30611,16728.63,14659.65,4651.28,2925.86,3228.0,2209.44,44402.87,170071.65999999997,29.16,5.9,18.44
2024-04-01,2024,4,T06,ABC Barranco,Express,Barranco,BC,768634.26,544441.17,224193.1,41488.65,41195,19789.54,13885.43,3320.79,3512.67,2573.68,2489.61,45571.73,137132.72,29.17,5.4,17.84
2024-04-01,2024,4,T07,ABC Pueblo Libre,Supermarket,Pueblo Libre,BC,1582338.46,1086738.03,495600.44,90458.79,47220,47012.43,29049.73,5498.75,7479.31,3133.12,2489.44,94662.78,310478.87,31.32,5.72,19.62
2024-04-01,2024,4,T08,ABC Jesus Maria,Supermarket,Jesus Maria,BC,1549628.7,1083975.68,465653.04000000004,75898.55,84717,43397.17,22241.85,10142.08,5309.56,2813.02,1418.45,85322.13,304432.36000000004,30.05,4.9,19.65
2024-04-01,2024,4,T09,ABC Lince,Express,Lince,BC,715464.21,502723.47,212740.75,45326.46,33735,20269.13,12108.89,4844.29,2181.0,2302.9,1466.43,43172.65,124241.64000000001,29.73,6.34,17.37
2024-04-01,2024,4,T10,ABC San Miguel,Supermarket,San Miguel,BC,1630714.97,1175407.11,455307.86,96963.32,87908,52495.41,25783.93,5422.63,7881.17,2493.34,1150.72,95227.2,263117.33999999997,27.92,5.95,16.14
2024-05-01,2024,5,T01,ABC Miraflores,Express,Miraflores,AB,941621.6799999999,636391.98,305229.68,57654.369999999995,28494,19906.93,15674.0,3601.13,3875.54,1905.27,1093.72,46056.59,201518.72,32.42,6.12,21.4
2024-05-01,2024,5,T02,ABC San Isidro,Express,San Isidro,AB,932600.21,666266.58,266333.61,58606.75,38774,19715.17,11685.46,3761.48,3564.74,2745.8,2368.63,43841.28,163885.58,28.56,6.28,17.57
2024-05-01,2024,5,T03,ABC Surco,Supermarket,Surco,AB,2084483.29,1482425.37,602057.9299999999,112838.70999999999,69463,41425.19,21551.27,6890.52,7850.35,1919.71,2378.48,82015.52,407203.69999999995,28.88,5.41,19.53
2024-05-01,2024,5,T04,ABC La Molina,Supermarket,La Molina,AB,1855412.31,1285996.0,569416.32,103508.09,72030,48336.35,21814.93,5977.46,6843.93,2995.08,1884.54,87852.3,378055.93,30.69,5.58,20.38
2024-05-01,2024,5,T05,ABC San Borja,Express,San Borja,AB,927439.05,666811.12,260627.94,50185.23,33767,18283.88,14530.02,3678.85,3472.31,1709.92,1945.51,43620.5,166822.21,28.1,5.41,17.99
2024-05-01,2024,5,T06,ABC Barranco,Express,Barranco,BC,806455.76,559176.1,247279.66999999998,53562.57,47938,17798.96,15960.0,4577.46,3782.82,2867.49,1925.26,46911.98,146805.11999999997,30.66,6.64,18.2
2024-05-01,2024,5,T07,ABC Pueblo Libre,Supermarket,Pueblo Libre,BC,1771642.92,1253975.53,517667.4,107146.17,86057,52827.6,21179.22,8139.56,4449.01,2796.03,2268.1,91659.53,318861.70000000007,29.22,6.05,18.0
2024-05-01,2024,5,T08,ABC Jesus Maria,Supermarket,Jesus Maria,BC,1696934.33,1219520.95,477413.37,106943.06,69478,50957.03,28618.23,7174.75,5526.87,1518.85,1180.72,94976.45,275493.86,28.13,6.3,16.23
2024-05-01,2024,5,T09,ABC Lince,Express,Lince,BC,803661.0800000001,561761.83,241899.22999999998,47578.11,30789,16677.75,13414.01,3180.99,2983.71,2912.34,1033.95,40202.75,154118.37,30.1,5.92,19.18
2024-05-01,2024,5,T10,ABC San Miguel,Supermarket,San Miguel,BC,1737149.05,1206260.75,530888.31,106127.01000000001,80774,55612.05,26075.67,9050.38,7440.34,2545.17,1005.19,101728.8,323032.50000000006,30.56,6.11,18.6
2024-06-01,2024,6,T01,ABC Miraflores,Express,Miraflores,AB,987664.1,701692.35,285971.73,56078.84,34975,16322.23,13572.21,4577.18,3344.36,2435.9,2418.24,42670.12,187222.77,28.95,5.68,18.96
2024-06-01,2024,6,T02,ABC San Isidro,Express,San Isidro,AB,920686.41,666051.34,254635.08,50309.64,33098,16125.33,11282.36,4394.67,2166.58,2731.14,2463.92,39164.0,165161.44,27.66,5.46,17.94
2024-06-01,2024,6,T03,ABC Surco,Supermarket,Surco,AB,1962252.37,1409294.8599999999,552957.52,101666.19,83535,43309.11,29316.05,9054.97,7610.42,2676.16,2481.77,94448.47,356842.86,28.18,5.18,18.19
2024-06-01,2024,6,T04,ABC La Molina,Supermarket,La Molina,AB,1988902.54,1430633.32,558269.23,100206.88,69807,44886.49,25422.06,6051.32,4851.76,2177.7,1340.03,84729.36,373332.99,28.07,5.04,18.77
2024-06-01,2024,6,T05,ABC San Borja,Express,San Borja,AB,1056110.03,754180.74,301929.28,62578.86,36376,18239.4,13318.76,4844.56,3704.36,1513.95,2197.4,43818.42,195532.00000000006,28.59,5.93,18.51
2024-06-01,2024,6,T06,ABC Barranco,Express,Barranco,BC,843475.9,596706.06,246769.84,50782.97,40272,18855.88,14641.81,4462.43,2664.36,2203.8,2300.7,45128.97,150857.9,29.26,6.02,17.89
2024-06-01,2024,6,T07,ABC Pueblo Libre,Supermarket,Pueblo Libre,BC,1732703.44,1242830.98,489872.43,97083.53,83534,48951.87,20829.76,8917.19,6759.98,2086.32,2197.6,89742.72,303046.18000000005,28.27,5.6,17.49
2024-06-01,2024,6,T08,ABC Jesus Maria,Supermarket,Jesus Maria,BC,1745831.0,1256721.82,489109.18,100460.16,126205,42988.12,29147.89,10605.65,4707.19,3148.48,1586.05,92183.38,296465.64,28.02,5.75,16.98
2024-06-01,2024,6,T09,ABC Lince,Express,Lince,BC,862576.08,591802.13,270773.97,52065.369999999995,36958,15706.18,16303.1,4166.41,3438.67,2602.97,2270.37,44487.71,174220.88999999998,31.39,6.04,20.2
2024-06-01,2024,6,T10,ABC San Miguel,Supermarket,San Miguel,BC,1935159.0,1345257.37,589901.62,119627.69,97243,45021.37,27120.93,5507.58,7293.43,2864.48,1534.76,89342.55,380931.38,30.48,6.18,19.68
2024-07-01,2024,7,T01,ABC Miraflores,Express,Miraflores,AB,1058794.79,742391.36,316403.43,59609.15,37051,18248.6,14726.84,3239.36,3606.92,3328.78,1547.02,44697.52,212096.76,29.88,5.63,20.03
2024-07-01,2024,7,T02,ABC San Isidro,Express,San Isidro,AB,1035017.82,738214.05,296803.75,59135.37,45619,20184.96,15700.91,2969.3,2577.62,2971.6,2258.09,46662.47,191005.91,28.68,5.71,18.45
2024-07-01,2024,7,T03,ABC Surco,Supermarket,Surco,AB,2313114.19,1649447.06,663667.13,149070.04,92951,55607.85,28637.31,7497.33,4067.87,3355.49,1326.38,100492.23,414104.86,28.69,6.44,17.9
2024-07-01,2024,7,T04,ABC La Molina,Supermarket,La Molina,AB,2301752.35,1612090.6800000002,689661.69,120865.94,86968,46914.93,30141.18,10556.95,6677.55,3033.69,2339.18,99663.47,469132.28,29.96,5.25,20.38
2024-07-01,2024,7,T05,ABC San Borja,Express,San Borja,AB,1039565.21,720298.07,319267.14,64468.88,41996,16506.4,15550.48,4427.32,3304.93,2740.01,2298.55,44827.7,209970.56,30.71,6.2,20.2
2024-07-01,2024,7,T06,ABC Barranco,Express,Barranco,BC,901686.41,631198.71,270487.67000000004,52792.21,49901,19124.44,12639.49,4823.73,2931.61,1940.78,1015.33,42475.38,175220.08000000005,30.0,5.85,19.43
2024-07-01,2024,7,T07,ABC Pueblo Libre,Supermarket,Pueblo Libre,BC,2007110.95,1437592.67,569518.27,107429.26,72423,55906.41,27818.04,8643.71,7328.43,3128.09,1474.59,104299.28,357789.73,28.38,5.35,17.83
2024-07-01,2024,7,T08,ABC Jesus Maria,Supermarket,Jesus Maria,BC,2008757.61,1411415.98,597341.63,128338.51999999999,110944,44697.83,22110.19,7388.83,4338.64,2452.54,1547.09,82535.12,386467.99,29.74,6.39,19.24
2024-07-01,2024,7,T09,ABC Lince,Express,Lince,BC,861363.91,615656.42,245707.47,53269.37,40407,20551.4,13998.83,3609.15,2517.06,2925.83,1367.6,44969.88,147468.22,28.53,6.18,17.12
2024-07-01,2024,7,T10,ABC San Miguel,Supermarket,San Miguel,BC,1735386.0,1220226.29,515159.7,99350.3,79106,51890.96,29721.15,10057.51,4992.32,2599.9,1140.21,100402.05,315407.35000000003,29.69,5.72,18.18
2024-08-01,2024,8,T01,ABC Miraflores,Express,Miraflores,AB,1100960.23,790646.9,310313.34,64887.53999999999,44932,17629.95,15403.11,4889.21,2488.47,2497.34,1389.37,44297.44,201128.36000000004,28.19,5.89,18.27
2024-08-01,2024,8,T02,ABC San Isidro,Express,San Isidro,AB,841728.28,600952.63,240775.65,46313.98,29182,21796.06,13689.71,4732.68,3091.16,2348.97,2438.73,48097.31,146364.36,28.6,5.5,17.39
2024-08-01,2024,8,T03,ABC Surco,Supermarket,Surco,AB,2258221.4899999998,1579420.82,678800.68,130045.37,83242,46383.65,23070.03,7219.58,7065.06,3328.79,1166.75,88233.87,460521.44000000006,30.06,5.76,20.39
2024-08-01,2024,8,T04,ABC La Molina,Supermarket,La Molina,AB,2132102.19,1509189.23,622912.95,108049.77,84466,50100.05,21424.74,7824.82,6045.35,3114.36,1200.98,89710.3,425152.87999999995,29.22,5.07,19.94
2024-08-01,2024,8,T05,ABC San Borja,Express,San Borja,AB,1024512.54,730009.01,294503.51,62518.22,41224,19292.12,15116.63,3894.15,2142.0,2224.56,1232.15,43901.61,188083.68,28.75,6.1,18.36
2024-08-01,2024,8,T06,ABC Barranco,Express,Barranco,BC,840279.8,601670.5,238609.3,49817.72,40363,20925.48,14463.79,4582.31,3533.59,2423.72,1340.62,47269.51,141522.06999999998,28.4,5.93,16.84
2024-08-01,2024,8,T07,ABC Pueblo Libre,Supermarket,Pueblo Libre,BC,1660811.57,1167527.04,493284.51,114278.26000000001,62793,47424.72,22169.55,9648.55,5812.28,2976.29,2486.16,90517.55,288488.7,29.7,6.88,17.37
2024-08-01,2024,8,T08,ABC Jesus Maria,Supermarket,Jesus Maria,BC,1926590.23,1374930.6199999999,551659.62,103491.1,84696,53812.2,24769.84,7897.91,4622.45,2216.21,1662.31,94980.92,353187.60000000003,28.63,5.37,18.33
2024-08-01,2024,8,T09,ABC Lince,Express,Lince,BC,809128.91,568862.52,240266.38,44729.350000000006,37292,15767.45,12197.71,4749.97,2854.5,2223.31,2208.26,40001.19,155535.84,29.69,5.53,19.22
2024-08-01,2024,8,T10,ABC San Miguel,Supermarket,San Miguel,BC,1937649.6,1411127.3399999999,526522.28,101111.74,85030,53532.54,25328.17,10772.5,7098.19,2462.31,2083.99,101277.69,324132.85000000003,27.17,5.22,16.73
2024-09-01,2024,9,T01,ABC Miraflores,Express,Miraflores,AB,1079695.06,772073.2,307621.88,61069.200000000004,32767,17016.85,13669.39,3397.93,2395.13,1531.89,1278.57,39289.76,207262.91999999998,28.49,5.66,19.2
2024-09-01,2024,9,T02,ABC San Isidro,Express,San Isidro,AB,1027665.59,726046.52,301619.08999999997,67572.16,26235,18431.24,15409.1,4785.4,2931.35,2148.64,1688.53,45394.25,188652.67999999996,29.35,6.58,18.36
2024-09-01,2024,9,T03,ABC Surco,Supermarket,Surco,AB,2160429.7,1536533.86,623895.84,136712.57,100044,44277.25,21168.43,8438.16,5395.94,3041.16,1591.64,83912.58,403270.68999999994,28.88,6.33,18.67
2024-09-01,2024,9,T04,ABC La Molina,Supermarket,La Molina,AB,2106495.26,1490992.03,615503.23,117391.0,103742,50008.03,30160.87,10224.92,4803.04,2532.39,1450.39,99179.64,398932.58999999997,29.22,5.57,18.94
2024-09-01,2024,9,T05,ABC San Borja,Express,San Borja,AB,984037.9199999999,692891.97,291145.94,61743.05,46515,15946.8,13305.21,3251.75,1970.06,2805.41,1565.87,38845.09,190557.80000000002,29.59,6.27,19.36
2024-09-01,2024,9,T06,ABC Barranco,Express,Barranco,BC,884471.13,617928.33,266542.8,58696.71,33933,16956.48,13625.51,2775.75,3577.93,1913.05,1507.39,40356.11,167489.97999999998,30.14,6.64,18.94
2024-09-01,2024,9,T07,ABC Pueblo Libre,Supermarket,Pueblo Libre,BC,1667578.85,1185929.28,481649.58999999997,96574.64,74354,53287.07,30022.14,7564.79,5741.15,1776.73,1905.61,100297.49,284777.45999999996,28.88,5.79,17.08
2024-09-01,2024,9,T08,ABC Jesus Maria,Supermarket,Jesus Maria,BC,1790813.28,1265502.31,525310.97,101154.5,89657,44885.32,25794.75,9298.99,7435.38,2714.76,1609.66,91738.86,332417.61,29.33,5.65,18.56
2024-09-01,2024,9,T09,ABC Lince,Express,Lince,BC,845441.95,589900.29,255541.63,49443.99,32739,19869.01,11296.49,3284.44,3741.12,2546.63,1590.08,42327.77,163769.87000000002,30.23,5.85,19.37
2024-09-01,2024,9,T10,ABC San Miguel,Supermarket,San Miguel,BC,1930457.07,1388881.17,541575.92,108799.76000000001,94262,52507.48,22390.21,9147.18,7209.7,3054.84,1389.56,95698.97,337077.19000000006,28.05,5.64,17.46
2024-10-01,2024,10,T01,ABC Miraflores,Express,Miraflores,AB,1069738.08,736038.75,333699.32,57529.520000000004,50645,17905.99,11271.49,3964.55,3576.78,3044.01,1711.4,41474.2,234695.59999999998,31.19,5.38,21.94
2024-10-01,2024,10,T02,ABC San Isidro,Express,San Isidro,AB,1017398.79,728650.5,288748.31,60555.78,32153,19358.02,14997.73,5088.18,2588.38,3207.51,1643.6,46883.42,181309.11,28.38,5.95,17.82
2024-10-01,2024,10,T03,ABC Surco,Supermarket,Surco,AB,2052229.71,1424229.62,628000.11,118653.11,90006,45722.92,20772.84,6436.0,6707.76,2143.34,1675.35,83458.21,425888.79,30.6,5.78,20.75
2024-10-01,2024,10,T04,ABC La Molina,Supermarket,La Molina,AB,2032307.58,1415483.6099999999,616823.98,110336.84,86677,53671.92,25516.49,10161.91,6074.24,2178.0,1382.04,98984.6,407502.54000000004,30.35,5.43,20.05
2024-10-01,2024,10,T05,ABC San Borja,Express,San Borja,AB,1121176.38,798198.17,322978.23,59543.25,46930,18468.8,11539.59,4431.61,2003.86,3162.35,1790.45,41396.66,222038.31999999998,28.81,5.31,19.8
2024-10-01,2024,10,T06,ABC Barranco,Express,Barranco,BC,934380.78,647789.38,286591.4,52051.53,45655,16649.99,12079.99,3146.15,2734.76,3174.59,1683.16,39468.63,195071.24000000002,30.67,5.57,20.88
2024-10-01,2024,10,T07,ABC Pueblo Libre,Supermarket,Pueblo Libre,BC,1692648.71,1207408.53,485240.16,100676.92000000001,58507,44875.08,21263.29,6350.74,7871.96,1794.45,1154.93,83310.45,301252.79,28.67,5.95,17.8
2024-10-01,2024,10,T08,ABC Jesus Maria,Supermarket,Jesus Maria,BC,1943905.17,1363912.6600000001,579992.51,118601.95000000001,80059,54083.67,28757.65,9882.71,6687.56,2480.19,1910.12,103801.9,357588.66000000003,29.84,6.1,18.4
2024-10-01,2024,10,T09,ABC Lince,Express,Lince,BC,897859.59,640652.42,257207.15,49137.89,34106,21817.33,11693.64,3027.39,3469.9,1815.23,2324.56,44148.05,163921.21000000002,28.65,5.47,18.26
2024-10-01,2024,10,T10,ABC San Miguel,Supermarket,San Miguel,BC,1860809.23,1324869.3900000001,535939.8400000001,114232.39000000001,136517,47622.84,23477.13,9920.61,5686.8,2606.92,1048.57,90362.87,331344.5800000001,28.8,6.14,17.81
2024-11-01,2024,11,T01,ABC Miraflores,Express,Miraflores,AB,1292111.74,915912.29,376199.47,75414.63,57088,16898.18,11677.83,3704.56,3078.24,1914.66,2284.72,39558.18,261226.65999999997,29.12,5.84,20.22
2024-11-01,2024,11,T02,ABC San Isidro,Express,San Isidro,AB,1045938.94,745391.29,300547.65,61887.37,34407,16919.97,11293.26,3068.48,2755.76,3422.16,1852.96,39312.58,199347.7,28.73,5.92,19.06
2024-11-01,2024,11,T03,ABC Surco,Supermarket,Surco,AB,2190327.06,1547435.3800000001,642891.69,116251.70999999999,80998,50774.57,21611.03,10688.21,5127.87,2857.22,1402.96,92461.85,434178.13,29.35,5.31,19.82
2024-11-01,2024,11,T04,ABC La Molina,Supermarket,La Molina,AB,2340859.9899999998,1674939.4100000001,665920.57,129048.17000000001,71451,55423.68,21272.11,8350.38,7566.82,2401.15,2325.31,97339.46,439532.9399999999,28.45,5.51,18.78
2024-11-01,2024,11,T05,ABC San Borja,Express,San Borja,AB,1053290.49,744076.9299999999,309213.57,58411.39,46133,20584.79,15930.26,4696.18,2106.75,3347.7,1668.47,48334.16,202468.02,29.36,5.55,19.22
2024-11-01,2024,11,T06,ABC Barranco,Express,Barranco,BC,891061.14,627843.84,263217.32,47630.06,39694,20705.16,15756.53,4381.65,3785.66,2082.41,1297.43,48008.84,167578.42,29.54,5.35,18.81
2024-11-01,2024,11,T07,ABC Pueblo Libre,Supermarket,Pueblo Libre,BC,1955926.48,1395712.43,560214.04,115555.79999999999,94477,44700.06,28750.06,6391.11,7763.12,2253.47,1335.82,91193.65,353464.5900000001,28.64,5.91,18.07
2024-11-01,2024,11,T08,ABC Jesus Maria,Supermarket,Jesus Maria,BC,2046599.07,1425553.27,621045.7999999999,116147.93,104086,43507.66,28491.42,6263.51,5178.48,2387.2,2468.33,88296.61,416601.25999999995,30.35,5.68,20.36
2024-11-01,2024,11,T09,ABC Lince,Express,Lince,BC,1084131.8299999998,780090.91,304040.95,64133.34,42092,21572.56,11167.15,3177.96,3047.5,2982.87,2134.35,44082.39,195825.22000000003,28.04,5.92,18.06
2024-11-01,2024,11,T10,ABC San Miguel,Supermarket,San Miguel,BC,2275955.08,1603797.97,672157.14,141196.6,133440,47036.78,21275.16,10157.27,6543.92,2725.5,2479.96,90218.59,440741.95000000007,29.53,6.2,19.37
2024-12-01,2024,12,T01,ABC Miraflores,Express,Miraflores,AB,1390609.27,967496.47,423112.8,75100.24,52925,17913.93,14772.52,3169.36,3129.19,1754.44,2051.07,42790.51,305222.05,30.43,5.4,21.95
2024-12-01,2024,12,T02,ABC San Isidro,Express,San Isidro,AB,1436849.02,1023260.41,413588.61,87520.81,60601,22138.73,13703.6,4006.39,2119.66,3289.62,1176.81,46434.81,279632.99,28.78,6.09,19.46
2024-12-01,2024,12,T03,ABC Surco,Supermarket,Surco,AB,3129772.12,2202944.88,926827.23,192540.16,166325,48273.6,24047.8,5657.89,7998.51,2626.42,1643.86,90248.08,644038.99,29.61,6.15,20.58
2024-12-01,2024,12,T04,ABC La Molina,Supermarket,La Molina,AB,3280908.2,2359459.8,921448.39,217838.36,121878,43890.65,24843.17,7666.82,5650.29,2162.26,1257.47,85470.65,618139.38,28.09,6.64,18.84
2024-12-01,2024,12,T05,ABC San Borja,Express,San Borja,AB,1405766.27,1023321.06,382445.2,75808.68000000001,53557,21325.21,14013.99,3389.68,3855.6,2676.22,1397.16,46657.86,259978.66000000003,27.21,5.39,18.49
2024-12-01,2024,12,T06,ABC Barranco,Express,Barranco,BC,1243973.57,885414.8,358558.77,70283.84,58617,20601.73,14187.72,2660.83,3359.43,2511.33,1819.2,45140.23,243134.70000000004,28.82,5.65,19.55
2024-12-01,2024,12,T07,ABC Pueblo Libre,Supermarket,Pueblo Libre,BC,2646217.63,1842887.22,803330.4099999999,144027.66999999998,117499,46831.48,20714.48,9440.19,8074.56,3007.07,2269.73,90337.51,568965.23,30.36,5.44,21.5
2024-12-01,2024,12,T08,ABC Jesus Maria,Supermarket,Jesus Maria,BC,2680238.46,1919317.95,760920.51,147997.78,119472,42156.41,21118.08,5455.24,6945.22,1706.57,2439.75,79821.25,533101.48,28.39,5.52,19.89
2024-12-01,2024,12,T09,ABC Lince,Express,Lince,BC,1209677.1,852408.97,357268.14,66324.42,44689,21207.45,14232.62,3031.35,3454.71,3308.24,2164.94,47399.31,243544.41000000003,29.53,5.48,20.13
2024-12-01,2024,12,T10,ABC San Miguel,Supermarket,San Miguel,BC,2676319.29,1911708.92,764610.4,154594.65,108847,57583.21,29203.67,6686.26,4181.93,2018.1,1858.63,101531.8,508483.95,28.57,5.78,19.0
